time,low,high,open,close,volume
1607450400,71.72,73.06,72.45,71.72,4661.48229
1607454000,71.39,72.27,71.73,71.44,2055.55529
1607457600,70.02,71.6,71.42,70.1,2296.9095
1607461200,69.71,70.73,70.03,70.32,1095.37348
1607464800,69,70.78,70.48,69,507.04416
1607468400,68.65,69.87,69,69.58,995.23807
1607472000,68.95,69.96,69.58,69.22,836.41402
1607475600,68.8,69.66,69.24,69.14,844.94552
1607479200,69.01,70.08,69.16,69.83,1700.31116
1607482800,69.35,69.95,69.66,69.95,268.42381
1607486400,69.22,70.21,69.95,69.65,2515.32941
1607490000,69.46,70.05,69.66,70,231.99174
1607493600,70.02,70.97,70.02,70.42,268.69459
1607497200,68.86,70.66,70.56,68.86,529.17846
1607500800,66,69.24,68.86,67.37,1501.74931
1607504400,67.17,68.06,67.26,68.02,319.66201
1607508000,67.37,68.54,67.98,68.54,368.51271
1607511600,68.35,69.18,68.56,69.01,317.39626
1607515200,68.36,69.61,68.87,68.52,487.23157
1607518800,68.35,69.77,68.68,69.77,186.20817
1607522400,69.2,69.95,69.78,69.53,491.99056
1607526000,68.78,69.63,69.53,68.95,287.98499523
1607529600,68.52,69.67,68.91,69.65,661.11753953
1607533200,69.21,70.11,69.57,69.5,1918.43330956
1607536800,68.37,69.69,69.49,68.93,786.20320119
1607540400,68.83,69.38,68.97,69.1,1487.14014436
1607544000,67.83,69.15,69.1,68.27,1399.55717108
1607547600,68.34,69.2,68.35,69.05,1458.00277078
1607551200,68.8,69.98,69.05,69.23,1532.60497032
1607554800,69.14,69.63,69.24,69.47,280.28036551
1607558400,68.7,69.82,69.48,68.95,359.84616
1607562000,68.66,69.22,68.9,69.16,180.6715454
1607565600,68.55,69.43,69.2,68.77,1021.09161595
1607569200,68.58,69.18,68.79,68.66,250.34064532
1607572800,68.53,69.08,68.58,68.67,274.40281943
1607576400,68.16,68.75,68.57,68.37,1136.61742
1607580000,67.63,68.39,68.28,67.63,218.04584383
1607583600,67.62,68.15,67.62,68.04,539.64980453
1607587200,67.89,68.69,67.91,68.3,287.29795
1607590800,67.34,68.63,68.3,67.35,511.95014
1607594400,67.19,67.68,67.35,67.28,208.74451198
1607598000,67.22,67.75,67.31,67.42,549.11189571
1607601600,67.37,68.04,67.37,67.56,231.1095579
1607605200,67.05,68.1,67.68,68.1,568.0510546
1607608800,66.29,68.15,68.11,66.5,417.94513647
1607612400,66,67.18,66.61,67.05,617.97285863
1607616000,66.66,67.54,66.86,66.69,1203.8371495
1607619600,66.46,66.85,66.69,66.5,373.03140885
1607623200,66.09,66.77,66.57,66.26,896.52742195
1607626800,65.56,66.39,66.27,66.24,908.93612607
1607630400,65.97,66.76,66.35,66.18,938.79896312
1607634000,65.63,66.52,66.19,66.22,1081.54567574
1607637600,65.23,66.17,66.03,65.8,746.3952249
1607641200,65.66,66.28,65.8,65.94,257.80751071
1607644800,64.24,66.2,66.08,64.27,1028.70371897
1607648400,63.91,64.92,64.24,64.5,616.49480551
1607652000,63.92,64.72,64.4,64.11,622.46151351
1607655600,63.64,64.44,64.11,64.36,306.10304399
1607659200,64.12,64.7,64.28,64.33,411.75473287
1607662800,64.02,64.57,64.3,64.09,508.26165251
1607666400,63.87,64.45,64.1,64.22,364.0561634
1607670000,63.29,64.24,64.08,64.14,513.65185938
1607673600,63.79,64.71,64.15,64.15,290.24277
1607677200,63.42,64.06,64.06,63.68,758.17748953
1607680800,63.05,63.8,63.69,63.3,207.05174937
1607684400,62.5,63.3,63.28,62.95,598.90058
1607688000,62.74,64.05,62.96,63.78,395.64775233
1607691600,63.7,64.72,63.74,64.51,179.97762
1607695200,64.17,65.13,64.5,64.89,1398.39728561
1607698800,64.48,65.11,64.96,64.83,326.16762603
1607702400,63.91,64.85,64.48,64.07,692.39372745
1607706000,63.49,64.25,64.14,63.68,498.18391
1607709600,63.46,63.91,63.68,63.75,186.35795356
1607713200,63.61,64.38,63.77,63.74,729.49897574
1607716800,63.42,64.13,63.75,63.96,811.58521291
1607720400,63.79,64.39,63.84,64.39,455.66673622
1607724000,64.07,64.59,64.31,64.42,231.7830498
1607727600,63.57,67.8,64.41,63.57,2932.48128906
1607731200,63.54,65.41,63.57,65.3,1633.45243703
1607734800,64.87,65.69,65.21,65.21,1163.88378264
1607738400,65.03,65.81,65.1,65.62,338.26872
1607742000,65.39,65.99,65.67,65.79,229.84318151
1607745600,65.56,66,65.8,66,625.44053413
1607749200,65.53,66.09,65.97,65.53,157.21138285
1607752800,65.44,65.99,65.55,65.66,502.72618707
1607756400,65.49,65.86,65.6,65.86,119.54814
1607760000,65.22,66,65.91,65.32,288.89819088
1607763600,65.14,65.68,65.39,65.3,184.38662
1607767200,65.05,65.4,65.36,65.09,384.21522398
1607770800,65.11,66,65.11,65.87,1457.40488328
1607774400,65.63,66,65.88,65.73,1505.98935461
1607778000,65.2,65.72,65.72,65.2,211.08744
1607781600,64.64,65.5,65.2,64.94,669.04241546
1607785200,64.55,65.25,64.84,65.12,508.04500485
1607788800,64.88,65.35,65.12,65.13,214.14282494
1607792400,64.8,65.45,65.11,65.36,276.06255049
1607796000,65.24,66.21,65.27,66.08,272.45631
1607799600,66.02,66.42,66.18,66.4,597.60208949
1607803200,66.14,66.63,66.4,66.49,231.36201933
1607806800,66.45,66.82,66.46,66.56,102.80406131
1607810400,66.33,66.73,66.71,66.34,200.84165058
1607814000,65.87,66.34,66.34,66,127.83077
1607817600,65.48,66.39,66.01,65.57,296.79254554
1607821200,65.49,65.94,65.6,65.63,255.78444335
1607824800,65.3,65.81,65.66,65.71,180.96671535
1607828400,65.42,65.85,65.67,65.69,482.24198273
1607832000,65.41,65.86,65.56,65.8,71.24746684
1607835600,65.69,66.02,65.8,65.92,132.49668
1607839200,65.92,66.47,65.92,66.41,88.38208285
1607842800,66.42,67.76,66.47,67.18,977.29802495
1607846400,66.86,67.31,67.29,67.21,323.29856
1607850000,66.85,67.3,67.22,67.11,124.77496659
1607853600,67.08,68.56,67.08,68.32,317.1557239
1607857200,67.67,68.35,68.33,68,135.73740847
1607860800,67.55,68.87,68.05,68.61,491.14990815
1607864400,68.09,69.08,68.47,68.2,307.42003699
1607868000,67.85,68.3,68.04,68.18,292.78472
1607871600,67.57,68.24,68.19,67.95,228.98720931
1607875200,67.96,69.79,67.96,69.04,1408.33220145
1607878800,68.54,69.15,69.04,68.89,337.89275102
1607882400,68.27,68.91,68.76,68.39,211.91776387
1607886000,68.25,68.61,68.39,68.25,442.33429956
1607889600,67.81,68.52,68.25,68.5,302.61175395
1607893200,68.35,68.98,68.51,68.88,258.40769948
1607896800,67.11,68.98,68.85,68.27,2644.30528222
1607900400,67.88,68.28,68.1,68.2,70.45297961
1607904000,67.45,68.17,68.08,67.5,410.20461525
1607907600,67.37,67.8,67.38,67.46,251.17822017
1607911200,67.37,68.24,67.41,68.24,203.43807791
1607914800,67.96,68.5,68.26,68.1,582.78776525
1607918400,67.36,68.2,67.96,67.56,544.3145707
1607922000,67.24,67.56,67.56,67.44,64.1347
1607925600,67.41,67.81,67.47,67.6,922.17028
1607929200,67.3,67.67,67.67,67.51,213.6646
1607932800,67.47,67.69,67.51,67.57,50.25507436
1607936400,67.21,67.73,67.69,67.37,124.74567512
1607940000,66.54,67.56,67.37,66.58,149.11408311
1607943600,66.41,66.83,66.69,66.66,42.42320741
1607947200,66.3,66.77,66.66,66.44,163.24528
1607950800,66.29,66.99,66.51,66.86,121.73776
1607954400,66.38,66.9,66.86,66.85,306.08626258
1607958000,66.85,67.55,66.87,67.13,411.88932192
1607961600,66.55,67.36,67.18,66.66,214.90279404
1607965200,66.39,67.73,66.71,67.69,3333.09395563
1607968800,67.65,70.43,67.68,68.26,4616.79196125
1607972400,68.11,68.93,68.26,68.34,1873.75584
1607976000,68.02,68.85,68.3,68.51,1263.36383422
1607979600,68.28,68.85,68.66,68.41,609.54761821
1607983200,68.35,68.68,68.35,68.38,245.17032614
1607986800,67.66,68.55,68.38,68.14,939.58274069
1607990400,68.03,68.68,68.14,68.58,432.09802717
1607994000,68.14,68.61,68.44,68.39,467.43000961
1607997600,68.34,69.14,68.41,68.74,1108.21111754
1608001200,68.38,68.77,68.7,68.46,231.74250427
1608004800,67.42,68.59,68.59,67.42,610.77049232
1608008400,66.86,67.63,67.46,67.15,383.16841362
1608012000,67.06,67.29,67.21,67.24,43.30842496
1608015600,67.07,67.52,67.14,67.3,308.42736036
1608019200,67.06,67.53,67.48,67.26,177.26398578
1608022800,66.46,67.25,67.13,66.75,221.44376867
1608026400,66.51,67.58,66.75,67.51,204.22216773
1608030000,67.43,67.99,67.43,67.84,103.71908609
1608033600,67.58,68.06,67.8,67.6,621.74013
1608037200,67.57,68.35,67.57,68.22,397.74130219
1608040800,67.77,68.58,68.23,68.05,353.29164383
1608044400,67.85,68.49,67.96,68.49,386.39986044
1608048000,67.86,68.65,68.5,68.26,602.5400351
1608051600,67.99,68.34,68.13,68.29,561.02135394
1608055200,68.03,68.38,68.16,68.22,772.96213557
1608058800,68.16,68.63,68.22,68.63,180.64786115
1608062400,68.44,68.72,68.52,68.46,413.70770801
1608066000,67.93,68.74,68.5,68.11,378.66153554
1608069600,67.85,68.34,68.21,67.85,543.48977871
1608073200,67.52,68.1,67.92,67.79,394.50144661
1608076800,67.1,67.86,67.75,67.17,372.07589402
1608080400,66.96,67.56,67.33,67.42,566.58486174
1608084000,67.46,68.22,67.46,67.84,928.43377962
1608087600,67.5,68.14,67.86,67.51,696.35206491
1608091200,67.34,67.79,67.49,67.34,173.48721731
1608094800,67.2,67.53,67.34,67.41,173.47822092
1608098400,67.27,67.55,67.27,67.54,176.74636551
1608102000,67.32,67.62,67.54,67.45,61.03271978
1608105600,67.3,67.65,67.37,67.56,87.5199
1608109200,67.37,67.67,67.65,67.66,41.07479
1608112800,67.48,68.35,67.67,68.04,582.65632304
1608116400,67.83,68.53,68.08,68.31,415.57471718
1608120000,68.12,68.88,68.26,68.5,340.94633427
1608123600,68.52,70.86,68.52,70.86,1017.20180602
1608127200,70.38,72,70.87,71.09,2029.7058771
1608130800,70.86,71.84,70.96,71.75,972.78610989
1608134400,71.79,73.14,71.79,72.12,1963.80560929
1608138000,70.76,72.31,72.08,71.25,1070.51772111
1608141600,70.74,71.64,71.39,70.95,742.37032464
1608145200,70.89,71.38,70.94,71.19,256.90784296
1608148800,71.24,71.67,71.24,71.57,629.99709598
1608152400,70.94,72.2,71.53,71.86,481.27452284
1608156000,71.92,72.83,71.92,72.72,1408.44990495
1608159600,72.21,73.35,72.72,73.17,1196.57973556
1608163200,72.78,73.9,73.35,73.38,882.77269521
1608166800,72.94,73.85,73.3,73.4,752.36269968
1608170400,73.13,74.2,73.41,74.2,717.24547081
1608174000,72.63,74.5,74.2,73.01,1165.48506187
1608177600,72.86,73.31,72.96,72.96,442.69257
1608181200,72.62,73.7,73.11,73.47,2599.86389437
1608184800,73.13,73.53,73.29,73.23,593.80942131
1608188400,73.15,74.05,73.31,73.73,416.21063032
1608192000,73.05,74.35,73.73,73.88,806.25747197
1608195600,72.5,74.51,73.89,73.41,1428.31813541
1608199200,73.38,75.8,73.42,75.69,707.86175157
1608202800,75.36,76.21,75.5,75.56,785.22309468
1608206400,74.96,75.84,75.57,75.38,792.01543062
1608210000,74.58,75.83,75.38,74.96,985.69946498
1608213600,74.58,76,74.93,75.63,840.86369628
1608217200,75.07,76.31,75.63,76.04,2779.28475404
1608220800,76.04,78.08,76.04,77.36,3399.09469649
1608224400,75.64,78.24,77.27,75.64,1739.98189733
1608228000,74,76.46,75.6,75.61,2608.70987386
1608231600,74.35,76.2,75.71,74.47,992.30790753
1608235200,73.3,75.33,74.42,74.3,2100.33784139
1608238800,72.53,74.61,74.13,74.58,3661.14730657
1608242400,74.16,75.2,74.4,74.72,1772.23676197
1608246000,73.54,75.2,74.81,74.36,1518.02846059
1608249600,72.57,74.74,74.5,73.47,1524.12543048
1608253200,73.21,75.45,73.42,74.6,1078.09793197
1608256800,74.51,76.2,74.51,75.5,1168.59760864
1608260400,74.49,75.77,75.66,74.52,453.68207006
1608264000,74.42,75.53,74.89,75.13,526.596927
1608267600,75.09,75.67,75.19,75.56,431.077743
1608271200,74.98,75.9,75.4,74.98,441.33481871
1608274800,74.89,75.47,75.01,75.47,430.13793303
1608278400,75.19,76.2,75.6,76.08,411.83242
1608282000,75.38,76.38,76.01,76.38,360.05823405
1608285600,75.04,76.38,76.38,75.04,321.97466
1608289200,73.61,75.01,75.01,73.89,693.49347
1608292800,73.29,74.27,73.68,73.48,764.49491073
1608296400,72.61,74.2,73.43,72.61,1355.62179404
1608300000,72.19,73.09,72.93,72.77,1212.20468
1608303600,71.89,72.89,72.78,72.44,2071.29973181
1608307200,71.71,72.87,72.41,72.66,1043.29900189
1608310800,72.7,73.6,72.83,73.46,421.85364
1608314400,73.29,73.97,73.41,73.77,523.18661676
1608318000,72.79,73.87,73.76,73.52,3088.8073
1608321600,72.88,73.74,73.41,73.68,458.40979966
1608325200,73.61,74.36,73.75,73.74,460.13720122
1608328800,73.31,73.93,73.71,73.91,620.34000697
1608332400,73.51,74.11,73.92,74.04,529.59974918
1608336000,73.45,74.13,73.92,73.59,253.6045767
1608339600,73.2,73.92,73.45,73.43,752.71039551
1608343200,73.22,74.01,73.35,74.01,1182.17655673
1608346800,73.79,74.19,74.01,74.09,1017.18205973
1608350400,73.78,74.34,73.9,74.08,594.90626937
1608354000,73.54,74.2,74.08,73.76,309.59243566
1608357600,73.25,73.8,73.78,73.34,163.77627592
1608361200,73.34,74.2,73.34,73.63,2590.08199853
1608364800,73.41,74.19,73.63,74.08,799.89702405
1608368400,74.1,74.9,74.17,74.78,316.87949468
1608372000,74.75,75.25,74.84,74.91,216.98680994
1608375600,74.46,75.18,74.82,74.76,427.75799308
1608379200,74.6,75.31,74.63,75.02,252.35790903
1608382800,74.78,75.63,75.15,75.38,1109.90012098
1608386400,74.98,75.98,75.51,75.41,1467.20172981
1608390000,74.99,75.66,75.39,75.61,752.52773296
1608393600,75.08,76.21,75.62,75.35,1701.76649518
1608397200,74.65,75.48,75.36,74.8,852.57619958
1608400800,74.24,74.97,74.87,74.45,716.89058183
1608404400,73.68,74.56,74.52,74.26,907.90829461
1608408000,74.12,74.45,74.14,74.22,656.46352398
1608411600,74.05,74.52,74.29,74.23,916.96795572
1608415200,74.09,74.38,74.23,74.35,643.85350306
1608418800,73.15,74.2,74.18,73.66,862.08275012
1608422400,72.3,73.67,73.65,72.74,1216.6617832
1608426000,72.64,73.14,72.86,72.86,525.5271652
1608429600,72.54,73.04,72.98,72.68,258.81333
1608433200,72.2,72.68,72.61,72.39,291.48479366
1608436800,72.3,73.13,72.48,73.08,289.51207635
1608440400,72.94,73.23,73,73.15,363.66526174
1608444000,73.05,73.52,73.07,73.16,434.85395119
1608447600,73,74.47,73.2,74.46,823.75351344
1608451200,74.09,75.58,74.47,75.48,816.69667989
1608454800,75.47,77.82,75.54,76.99,798.09862731
1608458400,75.55,77.19,77.02,75.63,469.67509
1608462000,75.39,76.28,75.7,76.11,381.1724511
1608465600,74.46,76.08,75.98,74.92,303.7938586
1608469200,74,75.29,75.03,74.62,773.25474168
1608472800,74.19,75.35,74.56,75.09,599.79097448
1608476400,74.97,76.31,74.97,75.76,800.56104004
1608480000,75.47,77,75.69,76.62,1419.91901472
1608483600,75.04,76.81,76.79,75.29,741.36045898
1608487200,74.88,75.64,75.22,75.41,572.39610092
1608490800,74.55,75.56,75.56,74.62,753.43614031
1608494400,74.55,75.52,74.61,75.51,536.84600967
1608498000,73.31,75.55,75.42,73.31,919.49703954
1608501600,71.92,73.62,73.21,73.54,1816.31279548
1608505200,73.22,73.91,73.55,73.62,435.70574734
1608508800,73.12,75.53,73.47,75.05,811.15584258
1608512400,74.93,76.99,75.02,76.9,1384.89507637
1608516000,75.75,76.97,76.79,75.93,585.54088066
1608519600,75.84,77.63,75.99,76.86,2085.40286921
1608523200,75.7,77.65,76.87,75.74,1549.45475064
1608526800,74.7,76.39,75.84,74.8,557.55276875
1608530400,74,74.84,74.78,74.58,402.46673067
1608534000,74.22,75,74.58,74.32,354.7347158
1608537600,72.98,74.46,74.31,72.98,362.64963757
1608541200,72.23,73.21,72.99,72.63,349.82856942
1608544800,69.49,72.79,72.64,69.56,1644.35953224
1608548400,68.78,70.47,69.6,68.78,1146.04668863
1608552000,67.74,69.1,68.92,69.1,951.4546996
1608555600,68.99,69.79,69.12,69.78,880.53909994
1608559200,69.17,70.57,69.57,70.51,1284.00685688
1608562800,69.33,70.56,70.5,69.59,655.28275589
1608566400,68.06,69.59,69.59,69.17,1139.91913536
1608570000,67.59,69.05,69.05,68,1405.77819212
1608573600,67.87,68.82,67.9,68.52,951.97803092
1608577200,68.08,69.01,68.53,68.26,602.70789399
1608580800,67.77,68.63,68.19,68.22,1061.3489419
1608584400,67.93,68.83,68.29,68.83,861.66232417
1608588000,68.5,69.27,68.79,69.27,728.06117941
1608591600,67.8,69.42,69.21,67.93,697.62956549
1608595200,66.65,68.4,67.79,66.73,1268.85667837
1608598800,66.2,67.33,66.79,66.75,1639.68872495
1608602400,66.57,67.61,66.67,67.35,2006.39397347
1608606000,66.97,67.86,67.31,67.22,1587.79434218
1608609600,67.23,68.19,67.23,67.55,694.73836128
1608613200,66.24,67.68,67.64,66.5,1138.77107626
1608616800,66,66.61,66.51,66.14,678.9241186
1608620400,64.95,66.54,66.18,64.95,1808.31487655
1608624000,63.55,65.06,64.93,65.06,1262.86958973
1608627600,64.82,65.83,65.07,65.74,599.64214725
1608631200,65.27,66.14,65.82,65.47,592.14112
1608634800,65.6,66.91,65.61,66.64,372.52737367
1608638400,66.66,67.65,66.66,67.21,1250.54802466
1608642000,66.68,68.12,67.35,68.03,873.77566044
1608645600,67.4,68.47,68.11,67.5,1559.52346989
1608649200,67.41,69.09,67.51,68.25,1839.43259016
1608652800,67.21,68.42,68.39,67.8,1801.56519947
1608656400,67.29,68.02,67.8,67.94,1104.12771491
1608660000,67.45,67.93,67.93,67.65,731.17465651
1608663600,67.37,67.87,67.66,67.72,497.17967963
1608667200,66.9,67.92,67.73,67.32,697.77770241
1608670800,66.38,67.7,67.29,66.88,1801.89333954
1608674400,66.25,67.18,66.78,67.04,841.24318332
1608678000,66.76,67.96,67.07,67.75,882.66999326
1608681600,67.41,68.47,67.86,68.38,882.54924488
1608685200,66.65,68.56,68.4,66.66,1162.97035741
1608688800,66,66.9,66.68,66.47,733.23687183
1608692400,66.34,67.16,66.45,66.81,356.61729335
1608696000,65.5,66.65,66.65,65.66,922.55698017
1608699600,64.17,65.85,65.66,64.94,2478.98673348
1608703200,64.58,65.65,64.87,65.06,731.48283932
1608706800,64.32,65.65,65.05,65.46,801.37083838
1608710400,64.79,65.99,65.41,64.79,501.42593362
1608714000,64.25,65.73,64.78,65.38,460.00736875
1608717600,63.69,66.31,65.34,64.27,3154.26295
1608721200,62,64.27,64.25,62.87,2955.70471451
1608724800,62.62,64.97,63.02,64.84,2639.98041748
1608728400,63.12,64.86,64.67,63.21,2061.99509997
1608732000,62.73,64.14,63.29,64.03,2381.19128132
1608735600,62.99,64.33,64.03,63.25,868.57025469
1608739200,61.79,63.25,63.2,61.96,1783.41864703
1608742800,61.77,63.17,62.05,62.94,2678.49414699
1608746400,62.61,63.84,62.77,62.87,3359.02770172
1608750000,62.55,63.17,62.97,62.86,743.4398253
1608753600,61.25,63.07,62.88,61.61,2823.44084
1608757200,60.31,61.61,61.61,60.56,3424.03947749
1608760800,47.17,60.79,60.56,56.19,13278.63281827
1608764400,54.91,57.16,56.12,55.57,5076.87469244
1608768000,54.04,55.44,55.39,54.64,3748.47950052
1608771600,54.72,56.97,54.78,56.9,3168.59074065
1608775200,55.33,57.06,56.91,55.45,2511.1071008
1608778800,54.36,55.85,55.46,55.31,2866.60049254
1608782400,55.02,56.21,55.37,56.2,1386.68986928
1608786000,55.72,56.49,55.99,55.92,980.76697547
1608789600,54.74,56.3,56.1,55,1050.36469586
1608793200,54.31,56.36,54.8,56.31,2865.32038902
1608796800,55.94,56.75,56.37,56.7,2039.57758745
1608800400,56.38,57.64,56.64,57.64,1291.33875697
1608804000,56.8,57.71,57.65,56.8,750.40776777
1608807600,56.52,58.52,56.89,58.36,462.11194
1608811200,58.11,59.17,58.39,58.48,935.68159888
1608814800,58.35,61.62,58.58,61.24,2526.31822119
1608818400,59.56,61.44,61.43,59.8,2191.38955981
1608822000,59.44,60.22,59.81,59.96,1022.14652638
1608825600,59.73,60.92,60.02,59.83,913.49530806
1608829200,59.43,60.7,59.84,60.58,1057.07925435
1608832800,59.72,60.68,60.59,60,619.59984396
1608836400,59.65,60.07,59.92,59.81,392.37961864
1608840000,59.47,60.8,59.87,60.05,1899.99542873
1608843600,60.02,60.72,60.05,60.37,552.79701214
1608847200,60.26,62.39,60.27,61.9,2346.44894616
1608850800,61.33,63,61.79,62.15,4229.661612
1608854400,61.23,62.53,62,62.02,630.38944574
1608858000,61.5,62.18,62.01,61.55,427.14197556
1608861600,60.97,61.66,61.55,60.99,437.99023
1608865200,60.44,61.28,60.93,60.61,494.49054
1608868800,60.49,61.18,60.58,60.95,583.86818941
1608872400,60.48,61.08,60.99,61.07,697.82927741
1608876000,60.68,62,61.07,62,364.18912022
1608879600,61.62,62.11,61.76,62.11,365.86851853
1608883200,62.12,62.81,62.12,62.8,780.41119
1608886800,62.45,63.25,62.84,62.97,781.67604074
1608890400,62.81,64.3,62.97,64.12,608.45456
1608894000,63.49,64.49,64.23,64.16,1338.51312714
1608897600,63.31,64.49,64.16,63.31,820.86841744
1608901200,63.32,63.81,63.42,63.72,1204.70782478
1608904800,63.06,63.96,63.71,63.37,672.83419
1608908400,62.81,63.76,63.37,62.98,864.20126243
1608912000,63.1,65.17,63.1,63.92,2284.81650238
1608915600,62.3,64.37,63.84,63.14,3042.47891572
1608919200,62.78,63.88,63.01,63.87,626.00097093
1608922800,63.44,64.33,63.84,64.25,511.06288127
1608926400,63.54,64.3,64.23,63.91,836.53184523
1608930000,63.1,63.92,63.88,63.1,482.40182267
1608933600,62.93,63.77,63.07,63.72,1479.83496735
1608937200,63.41,64.43,63.6,64.37,1380.27728894
1608940800,64,65.06,64.01,64.84,614.07221963
1608944400,64.94,66.71,65.03,66.71,3319.74363675
1608948000,66.06,67.04,66.7,66.06,3786.78861669
1608951600,65.73,66.52,66.1,66.16,2628.75068808
1608955200,65.52,66.23,66.16,65.79,1048.6082396
1608958800,65.1,65.96,65.8,65.2,752.50149135
1608962400,65.07,65.58,65.14,65.42,534.40324894
1608966000,64.64,65.55,65.49,64.99,525.0286098
1608969600,65.09,66.18,65.09,65.49,1050.8322
1608973200,64.49,65.6,65.43,64.6,616.89329979
1608976800,63.58,64.94,64.69,64.5,656.13718594
1608980400,63.68,65.31,64.51,65.29,917.83033395
1608984000,64.72,65.61,65.33,65.35,334.66045986
1608987600,64.57,65.53,65.27,64.71,1000.54289959
1608991200,64.54,65.59,64.59,65.18,838.79058884
1608994800,64.56,67.27,65.16,66.81,2428.9944133
1608998400,67.13,70,67.22,68.58,4146.77383749
1609002000,66.84,68.68,68.6,66.98,2308.89048221
1609005600,66.89,67.71,67.02,66.89,994.35831434
1609009200,66.67,67.11,67,66.9,452.13695836
1609012800,66.48,66.96,66.92,66.77,916.88579069
1609016400,66.49,68.31,66.66,67.17,1278.79517907
1609020000,65.82,67.28,67.11,66.12,2173.33019832
1609023600,66.07,66.84,66.24,66.57,717.72940062
1609027200,65.99,67.15,66.49,66.37,1041.6512789
1609030800,66.12,67.6,66.27,66.83,1163.39292512
1609034400,66.77,68.79,66.82,67.86,846.56556433
1609038000,67.09,68.05,67.91,67.3,1221.86082674
1609041600,66.96,67.57,67.31,67.3,297.99764949
1609045200,67.19,67.63,67.19,67.35,357.16389263
1609048800,67.3,68.53,67.3,67.7,678.00326557
1609052400,67.6,68.1,67.64,67.72,517.08678746
1609056000,66.01,67.92,67.85,66.03,1527.67134
1609059600,65.49,67.19,66,66.56,2223.93819852
1609063200,66.03,66.64,66.59,66.15,516.85829132
1609066800,64.08,66.1,66.07,64.7,5149.3808517
1609070400,62.62,64.89,64.6,64.54,3571.74734595
1609074000,64.17,66.27,64.55,66.16,1129.79207745
1609077600,65.86,69.9,65.86,69.01,2653.82467278
1609081200,68.68,70.17,68.95,70.17,2180.82926439
1609084800,67.43,71.39,70.2,69.29,5148.26110986
1609088400,67.85,69.22,69.22,68.1,751.01621185
1609092000,67.79,68.51,68.23,68.15,294.62460084
1609095600,68.14,68.91,68.14,68.88,475.74253437
1609099200,65.91,68.97,68.97,65.91,1872.20514289
1609102800,65.56,66.98,66.29,66.86,2581.94058559
1609106400,66.27,67.4,66.91,67.23,1494.84955947
1609110000,66.85,68.09,67.23,66.88,717.81149833
1609113600,66.19,68.34,66.94,68.19,1576.87098334
1609117200,67.76,68.75,68.04,68.12,691.09447316
1609120800,67.67,68.29,68.14,68.1,564.50630291
1609124400,67.51,68.16,68.11,68,318.27007901
1609128000,67.12,67.92,67.92,67.13,190.61125562
1609131600,67.04,67.9,67.12,67.76,693.46717465
1609135200,67.26,67.91,67.71,67.49,536.60572891
1609138800,67.49,69.04,67.49,68.59,1512.0511746
1609142400,67.94,69.42,68.6,69.23,1642.44513605
1609146000,68.59,69.33,69.16,69.12,562.74712
1609149600,68.32,69.5,69.13,68.72,1475.93255016
1609153200,68.57,69.64,68.73,69.22,487.97724137
1609156800,68.04,69.26,69.22,68.51,2375.97833072
1609160400,67.86,70.36,68.52,70,1866.37699715
1609164000,69.64,70.38,70.11,69.76,1162.66348485
1609167600,68.18,69.79,69.77,68.43,933.17269887
1609171200,67.63,69.38,68.15,69.02,850.35644734
1609174800,68.73,69.31,69.04,68.86,1456.94938839
1609178400,68.44,69.28,68.81,68.77,1249.85497849
1609182000,68.78,69.86,68.78,69.82,635.41259507
1609185600,68.94,70.23,69.86,69.19,773.69863462
1609189200,69.19,70.31,69.23,70.06,1035.60028326
1609192800,67.92,71.28,70.02,68.77,3934.97821118
1609196400,68.62,69.41,68.86,69.03,957.77558632
1609200000,67.91,70.41,68.91,67.97,1793.60395344
1609203600,66.85,68.24,67.85,68.12,2087.20496283
1609207200,67.39,68.44,68.02,68.32,504.77222339
1609210800,65.19,68.32,68.32,65.19,4005.61680333
1609214400,64.81,65.9,65.12,65.46,1720.68913804
1609218000,63.63,65.43,65.39,65.07,1369.85407526
1609221600,64.58,65.36,65.08,64.82,436.96078898
1609225200,64.08,65.18,64.69,64.82,568.31398042
1609228800,64.83,65.54,64.83,65.45,912.64118
1609232400,64.93,65.97,65.51,65.7,291.78246962
1609236000,65.66,66.35,65.76,65.93,396.05472808
1609239600,64.46,66.13,65.94,65.39,1003.785613
1609243200,65.03,66.37,65.48,65.09,866.56272142
1609246800,65.01,65.55,65.17,65.52,489.26416331
1609250400,64.18,65.54,65.44,64.33,954.96013534
1609254000,63.62,64.98,64.49,63.66,1958.53576556
1609257600,61.61,63.55,63.55,62.39,3459.49351207
1609261200,61.45,63.33,62.37,63.29,2662.05086227
1609264800,63.05,64.43,63.33,64.23,1966.94886495
1609268400,64.12,64.72,64.25,64.48,1111.19099337
1609272000,63.61,64.58,64.46,64.44,1171.24795157
1609275600,64.37,65.12,64.38,64.91,1586.3075966
1609279200,64.71,65.43,64.75,65,1127.71593845
1609282800,64.43,65.73,65.07,65.24,629.07327647
1609286400,64.78,66.18,65.31,65.75,1062.29405308
1609290000,65.52,66.04,65.64,65.87,689.90428277
1609293600,64.49,65.74,65.74,64.98,672.70408031
1609297200,64.3,65.62,64.98,64.58,917.62598723
1609300800,63.41,64.98,64.7,63.48,1132.71836615
1609304400,63.13,64.18,63.45,64.07,1636.26427205
1609308000,63.48,64.2,64.01,63.69,356.8258
1609311600,63.53,65.04,63.61,64.07,5337.84730236
1609315200,63.4,64.6,64.03,63.59,1204.64687964
1609318800,62.49,63.98,63.48,63.86,3158.73076
1609322400,63.59,65.09,63.98,64.64,1983.18906
1609326000,63.49,64.69,64.57,63.73,886.78637
1609329600,63.36,63.98,63.71,63.93,604.66979
1609333200,63.5,64.17,64,63.5,311.71743695
1609336800,63.5,64.43,63.5,64.34,457.50471328
1609340400,63.82,64.33,64.29,63.97,446.03391013
1609344000,63.46,65,64.11,64.22,619.60043355
1609347600,63.88,64.55,64.19,64.14,466.94984291
1609351200,63,64.18,64.09,63.63,1715.793265
1609354800,63.34,64.75,63.63,64.38,723.39335526
1609358400,63.72,64.39,64.2,64.35,1676.13085316
1609362000,63.85,64.65,64.34,64.06,800.45728279
1609365600,63.77,64.48,63.93,63.77,960.28472129
1609369200,63.58,64.23,63.77,64.12,429.02153532
1609372800,63.6,64.29,64.22,63.73,434.28094313
1609376400,62.41,63.76,63.62,63.08,1296.05785789
1609380000,62.99,63.3,63.04,63.25,641.63782414
1609383600,62.89,63.5,63.22,63.24,343.37834074
1609387200,62.87,63.44,63.36,62.97,452.18891475
1609390800,62.53,63.11,62.97,62.56,547.2618118
1609394400,62.66,63.1,62.66,62.88,509.97422
1609398000,62.88,63.62,62.88,63.36,654.55789604
1609401600,62.05,63.37,63.36,62.5,551.99925
1609405200,62.22,63.58,62.53,63.32,250.1319643
1609408800,63.27,64.34,63.32,63.93,323.01990957
1609412400,63.04,63.83,63.81,63.08,238.62949
1609416000,61.92,63.35,63.12,62.23,575.07413
1609419600,61.24,62.31,62.06,62.06,2206.18666098
1609423200,61.44,62.15,62.14,61.7,647.8660467
1609426800,61.71,62.8,61.71,62.09,2866.86732775
1609430400,61.85,62.68,62.08,61.89,2222.63661739
1609434000,61.77,62.67,61.89,62.6,2875.77701189
1609437600,62.43,62.76,62.57,62.54,701.86938775
1609441200,62.53,62.87,62.54,62.7,263.54930596
1609444800,62.7,63.13,62.7,63.09,533.99031728
1609448400,62.84,63.18,63.01,63.11,845.04906141
1609452000,63.14,63.72,63.14,63.68,588.94472588
1609455600,63.34,64.58,63.68,64.11,479.98820099
1609459200,63.34,65.18,64.01,65.12,914.10951529
1609462800,64.71,65.9,64.96,65.77,2361.14972803
1609466400,64.85,65.83,65.79,65.78,1770.63564704
1609470000,65.67,66.45,65.83,65.67,1457.51399466
1609473600,65.35,66.09,65.56,65.45,546.00555999
1609477200,64.97,65.5,65.5,65.23,348.95498599
1609480800,64.77,65.57,65.23,65.17,396.55964988
1609484400,64.56,65.15,65.15,64.89,297.24667491
1609488000,63.9,65.04,64.89,64.52,462.59271
1609491600,64.34,64.98,64.52,64.78,634.19789
1609495200,65,66.6,65,65.62,716.75828202
1609498800,65.62,67,65.62,66.33,599.92655172
1609502400,65.63,66.95,66.35,65.72,738.51301678
1609506000,65.58,66.35,65.61,66.14,1083.58465304
1609509600,65.91,66.63,66.1,66.28,432.99688293
1609513200,64.87,66.28,66.23,65.93,1073.5990406
1609516800,65.73,67.35,65.96,65.98,1737.15082739
1609520400,61.92,66.16,65.98,62,7507.16442851
1609524000,55.22,61.95,61.95,57.3,42911.13982784
1609527600,55.94,58.97,57.28,56.86,17177.37673305
1609531200,56.52,58.62,56.87,57.4,13674.40157778
1609534800,55.79,57.65,57.57,56.22,7842.49346915
1609538400,55.15,58.86,56.49,58.6,19064.14423383
1609542000,56.9,59.7,58.68,56.9,11042.82246138
1609545600,55.39,57.59,57.13,56.87,7860.5079406
1609549200,56.6,58,56.71,57.99,5119.94433392
1609552800,57.16,58.65,57.99,57.3,6883.92277415
1609556400,57.21,58.03,57.21,57.91,3130.96149088
1609560000,57.73,58.75,57.83,58.16,5120.02101682
1609563600,57.79,58.55,58.24,58.14,3128.65533522
1609567200,57.61,58.75,58.13,58.34,2455.00061021
1609570800,57.65,58.51,58.14,57.74,1691.92798291
1609574400,57.32,57.94,57.77,57.48,1921.93059319
1609578000,56.89,57.75,57.51,57.12,1299.96068253
1609581600,57.05,59.36,57.17,57.92,3270.15252295
1609585200,57.89,58.36,57.96,58.36,682.68818036
1609588800,57.63,59.5,58.36,59.28,2663.77653187
1609592400,58.8,60.54,59.27,59.77,5288.55116789
1609596000,57.96,59.75,59.65,58.63,5784.75161599
1609599600,58.55,59,58.78,58.85,2658.22331816
1609603200,57.57,59.03,58.88,58.9,6990.44135996
1609606800,58.27,59.53,58.97,58.34,4241.85234164
1609610400,58.12,59.17,58.44,58.33,3699.30827031
1609614000,58.16,58.71,58.54,58.39,4243.49601261
1609617600,56.02,58.56,58.41,56.2,4269.00310615
1609621200,55.83,57.5,56.14,56.71,2825.35056394
1609624800,56.37,57.79,56.62,57.28,3209.36679582
1609628400,56.9,57.6,57.27,57.55,1728.27831251
1609632000,57.41,57.91,57.6,57.78,2868.91669413
1609635600,57.32,58.32,57.67,58.3,2351.21499633
1609639200,57.6,58.24,58.24,58.18,1066.79327045
1609642800,57.49,58.2,58.17,57.55,1037.33424336
1609646400,57.34,57.76,57.53,57.45,1077.65086933
1609650000,57.43,58.09,57.51,57.75,2259.89078736
1609653600,57.35,57.96,57.65,57.51,909.33957911
1609657200,56.28,57.52,57.46,56.49,1578.95449366
1609660800,56.27,57.16,56.53,57.07,2719.83455669
1609664400,56.93,58,57.17,57.31,6364.60493097
1609668000,56.98,57.99,57.32,57.08,997.39268331
1609671600,57.06,58.06,57.06,57.91,1810.20694699
1609675200,57.49,58.34,57.91,58.11,1394.81956717
1609678800,57.81,58.87,58.11,58.58,2904.01044036
1609682400,58.22,61.9,58.53,60.81,11869.03844069
1609686000,57.7,61.2,60.82,58.99,4088.86453214
1609689600,58.77,60.43,59.11,59.3,3975.41161805
1609693200,58.72,59.6,59.31,59.23,2295.80722858
1609696800,58.33,59.48,59.26,58.66,3479.31452748
1609700400,58.14,58.85,58.65,58.56,3269.50156285
1609704000,58.48,59.47,58.53,59.22,1753.61677507
1609707600,58.95,59.6,59.22,59.45,1793.10263702
1609711200,58.68,59.73,59.43,59.31,3651.59683699
1609714800,59.01,60.48,59.26,59.41,4174.22455563
1609718400,59.52,60.61,59.52,60.43,4242.13072711
1609722000,59.71,61.4,60.56,61.16,3528.551908
1609725600,60.82,63,60.89,61.77,6138.70033986
1609729200,61.6,63.21,61.72,63.01,4714.90809274
1609732800,62.53,63.83,62.96,62.72,4266.93155468
1609736400,62.27,63.89,62.66,63.05,4365.69753508
1609740000,62.89,65.88,63.01,62.99,9899.35311998
1609743600,60,63.39,62.86,60.79,4094.61145749
1609747200,59.52,62.03,60.85,60.29,5035.2545563
1609750800,56.57,60.76,60.29,59.03,3299.75466612
1609754400,57.26,60.14,59.03,59.02,3459.5075979
1609758000,58.04,59.19,59.13,59.14,1647.81711294
1609761600,58.52,59.98,59.02,59.36,1279.65900453
1609765200,58.27,59.35,59.35,59.22,2044.46261387
1609768800,58.82,59.63,59.32,59.2,1998.61516172
1609772400,58.7,59.47,59.24,58.96,2475.88494634
1609776000,57.36,59.11,58.97,58.52,2415.52111311
1609779600,57.51,58.71,58.49,57.92,1416.52257238
1609783200,57.95,58.73,57.95,58.55,1107.89924397
1609786800,58.34,59.07,58.56,58.96,2918.95754561
1609790400,58.66,59.97,59.06,58.98,1406.90971903
1609794000,58.07,59.5,58.97,58.72,1608.61635744
1609797600,58.56,59.84,58.67,59.39,1564.89545331
1609801200,59.07,60.5,59.5,60.47,803.31088888
1609804800,60.23,61.22,60.42,60.3,3078.96213854
1609808400,59.68,60.69,60.52,60.22,1811.69517152
1609812000,59.55,60.27,60.09,59.75,1227.43075127
1609815600,58.58,60.01,59.61,58.58,3306.57961115
1609819200,58.26,59.79,58.69,58.32,3340.03927655
1609822800,58,58.94,58.32,58.5,1214.18757463
1609826400,58.02,58.72,58.43,58.58,678.87570887
1609830000,58.23,58.78,58.58,58.33,1524.87400266
1609833600,58.34,59.23,58.34,59.22,582.39331793
1609837200,58.96,59.68,59.3,59.2,332.69135537
1609840800,58.77,59.64,59.15,59.37,1017.6474393
1609844400,59.26,59.93,59.36,59.78,626.60048081
1609848000,59.1,59.91,59.82,59.36,908.57108299
1609851600,59.01,59.81,59.46,59.03,2369.05739872
1609855200,58.46,59.53,58.99,59.51,1877.05038836
1609858800,59.22,59.82,59.58,59.5,1648.59727818
1609862400,59.07,60.03,59.5,59.85,4035.73417301
1609866000,59.04,60.22,59.91,59.78,2875.83545892
1609869600,59.4,59.86,59.78,59.45,1565.01304206
1609873200,59,59.95,59.51,59.4,1055.904657
1609876800,59.11,59.69,59.4,59.37,1718.85926041
1609880400,59.25,59.99,59.45,59.38,1635.98966451
1609884000,59.32,60.1,59.52,59.97,2960.09206217
1609887600,59.5,60.2,60.08,59.81,5122.30133326
1609891200,59.01,60.26,59.83,59.33,4354.35100695
1609894800,59.06,59.69,59.38,59.24,1751.74630258
1609898400,59.2,60.63,59.25,60.32,2402.42438687
1609902000,59.76,60.71,60.36,60.19,2704.37953366
1609905600,59.87,61.05,60.14,60.61,4652.02097676
1609909200,59.83,60.89,60.61,60.08,3329.74535242
1609912800,60.02,60.67,60.07,60.38,1141.70627825
1609916400,59.66,60.61,60.51,60.21,5807.80312016
1609920000,59.66,61,60.25,60.25,1442.90378734
1609923600,59.64,62,60.17,61.69,1351.14239652
1609927200,60.98,61.75,61.52,61.1,949.10758838
1609930800,60.49,61.22,61.1,60.99,2312.83824788
1609934400,60.56,61.42,61.13,61.14,4399.8741431
1609938000,61.14,62.49,61.15,62.39,4167.95459618
1609941600,62.22,64.22,62.37,62.28,8111.99102013
1609945200,62.45,64.49,62.45,64.28,1856.5319467
1609948800,63.16,65.48,64.28,63.46,6019.22708267
1609952400,63.43,64.81,63.43,64.49,5516.64891515
1609956000,63.78,64.97,64.62,64.37,3297.71107192
1609959600,62.73,65.59,64.38,62.83,8110.93904291
1609963200,61.94,63.64,62.74,63.46,6366.89447553
1609966800,62.73,63.65,63.52,62.85,4732.79965382
1609970400,62.75,63.98,62.91,63.42,1951.06306112
1609974000,63.35,64.07,63.42,64.02,3010.30096252
1609977600,63.11,64.38,64.08,63.68,4451.78943328
1609981200,63.47,65.77,63.87,64.8,9552.78618894
1609984800,64,65.35,64.66,64.94,3143.293572
1609988400,64.6,68.5,64.9,68.05,9850.87091983
1609992000,66.95,69,68.31,67.31,7352.69596967
1609995600,66.71,68.58,67.25,67.63,1925.69047104
1609999200,66.75,68.7,67.7,68.58,4098.68791797
1610002800,66.77,69,68.54,66.85,4858.74869942
1610006400,64.33,67.65,66.89,66.27,2417.36280431
1610010000,65.18,67.15,66.26,67.11,3487.8650163
1610013600,66.03,67.7,67.06,67.68,2075.26755908
1610017200,67.73,72.69,67.73,71.96,19055.50608744
1610020800,69.83,74.3,72.11,74.3,12953.3245688
1610024400,72,74.52,74.18,72.17,8757.42998695
1610028000,71.01,73.08,72.27,71.38,5491.28601771
1610031600,71.08,72.75,71.43,71.33,2841.58704889
1610035200,70.6,73.09,71.45,71.67,6560.26031675
1610038800,71.65,72.45,71.65,71.91,3229.17515605
1610042400,64.01,72.15,71.91,67.8,16175.60065476
1610046000,65.64,68.94,67.8,68.62,10970.18831112
1610049600,68.58,69.8,68.83,69.19,4447.6618907
1610053200,69.08,71.04,69.29,69.95,5055.34323299
1610056800,69.13,70.27,69.76,69.51,1973.27747959
1610060400,67,69.53,69.39,67.91,5549.83427513
1610064000,65.52,68.8,67.81,65.52,6462.2906642
1610067600,65,66.63,65.61,66.63,2854.15378787
1610071200,61.21,66.53,66.48,63.13,14427.56214935
1610074800,62.96,65.07,62.96,64.65,2484.93010851
1610078400,64.57,65.27,64.57,64.91,1163.21725735
1610082000,63.7,64.91,64.78,63.8,2083.21850434
1610085600,63.14,65.63,63.88,65.52,2581.55686253
1610089200,64.78,67,65.43,66.29,2773.22811263
1610092800,65.4,66.23,66.23,65.63,492.7339833
1610096400,64.69,66.7,65.67,66.6,804.44588994
1610100000,66.37,68.55,66.4,68.16,3222.35141154
1610103600,66.48,68.86,68,67.09,1507.75147225
1610107200,66.81,68.3,67.16,67.84,1801.89566553
1610110800,66.32,68.47,67.92,67.88,2322.98553469
1610114400,67.14,68.49,67.99,68.49,1181.76168508
1610118000,65,68.5,68.47,66.67,3556.12326753
1610121600,66.64,68.68,66.65,68.05,3310.71731336
1610125200,67.66,68.69,68.05,68.24,1757.2374187
1610128800,66.92,69.13,68.33,68.58,6109.70295293
1610132400,68.72,70,68.72,69.78,2749.6245377
1610136000,67.71,70,69.87,67.71,3567.49886797
1610139600,67.2,68.31,67.78,67.89,5909.28596841
1610143200,67.27,69.09,67.96,69.06,1910.60479807
1610146800,68.52,69.12,68.97,68.75,1122.07443128
1610150400,66.93,69.64,68.66,67.5,2010.36934738
1610154000,66.16,67.44,67.44,66.98,1724.27514478
1610157600,66.28,67.94,67,67.35,1515.42117922
1610161200,66.88,68.56,67.35,68.51,903.4047214
1610164800,67.2,68.45,68.45,67.78,1079.19734504
1610168400,65.88,67.64,67.64,66.39,1133.74123002
1610172000,65.9,67.22,66.18,66.38,1198.59396856
1610175600,66.09,67.02,66.37,67.02,623.93000164
1610179200,66.63,68.59,67.03,68.14,1109.09932354
1610182800,68.02,69.96,68.05,69.48,1340.20074061
1610186400,69.17,71.22,69.54,70.69,3825.64534158
1610190000,70.01,72,70.75,71.73,2305.27026773
1610193600,70.88,72.12,71.79,71.36,1598.72397653
1610197200,71.41,73.7,71.41,73.05,2715.98876351
1610200800,71.34,73.65,73.16,71.68,2212.24711717
1610204400,70.58,72.97,71.69,72.79,2661.85294771
1610208000,72.9,77.21,72.9,75.09,23209.46905931
1610211600,75.09,77.05,75.09,75.83,10208.0658013
1610215200,75.59,76.9,75.93,76.73,3956.51449415
1610218800,76.04,77.48,76.78,76.9,5843.26337957
1610222400,75.77,78.35,76.8,77.7,5065.04450921
1610226000,77.39,78.57,77.79,77.5,2759.63170108
1610229600,76.09,77.72,77.57,77.26,3219.11907624
1610233200,77.22,80.23,77.22,78.81,6106.09442638
1610236800,78.7,83.81,78.8,82.31,13649.18680557
1610240400,79.63,82.4,82.37,81.45,7400.3110346
1610244000,80.17,81.46,81.44,80.88,3512.29835214
1610247600,80.09,82,80.9,81.41,5107.87511384
1610251200,81.12,83.33,81.18,82.83,5956.27408755
1610254800,81.53,83.85,82.76,82.3,6448.639763
1610258400,81.85,84.99,82.18,84.79,3630.41327609
1610262000,83.57,89.75,84.88,87.69,9821.17142014
1610265600,83.85,88,87.82,84.63,9014.54717575
1610269200,83.68,89,84.45,85.13,6853.03286865
1610272800,78.26,85.47,84.18,81.82,8225.98319611
1610276400,76.33,82.23,81.24,77.93,8508.74669742
1610280000,76,81.64,77.53,81.64,21089.73591056
1610283600,80.36,97,80.86,95.53,21104.3085141
1610287200,85.43,97,95.72,88.47,20075.71315324
1610290800,85,97.75,88.2,93.29,31812.64541112
1610294400,90.36,100,93.29,90.91,26648.00235206
1610298000,87,93.57,90.82,92.97,23314.4177186
1610301600,88.81,95,92.85,90.01,10771.47610453
1610305200,87.92,91.93,89.95,88.67,7894.76174116
1610308800,84,90.58,88.71,89.26,12652.6485075
1610312400,89.05,99,89.16,97.38,24599.37591408
1610316000,93.15,97.5,97.38,93.67,7883.87685409
1610319600,93.41,98,93.78,96.42,7488.23800021
1610323200,89.64,96.84,96.48,90.6,11741.30997454
1610326800,88.04,93.96,90.43,89.66,6442.21659725
1610330400,86.23,89.88,89.84,87.04,7421.38222394
1610334000,80,89,87.12,83.61,18717.07662383
1610337600,82.35,90.29,83.84,88.49,12556.89083556
1610341200,86.22,90.9,88.5,87.32,8840.08186735
1610344800,81.5,87.04,87.04,83.97,8545.7447426
1610348400,82.64,88.11,83.85,87.13,5832.50304539
1610352000,85.99,92.24,87.16,91.84,5161.99542307
1610355600,88.76,108.88,92.09,101.83,32452.15254977
1610359200,99.3,111.01,101.73,101.6,16538.13262092
1610362800,95.01,104.96,101.45,96.71,17957.06814616
1610366400,92.3,102.37,96.69,97.62,15679.02107044
1610370000,89.42,98.55,97.42,91.65,17011.46975478
1610373600,81,97,90.9,95.18,21247.81545453
1610377200,84.93,96.18,94.71,86.66,16348.07071436
1610380800,76.4,89.37,86.61,83.14,20435.43683394
1610384400,78.72,88,82.59,84.51,18163.92081211
1610388000,83.14,86,84.52,83.73,5748.32793188
1610391600,79.39,84.41,83.72,81.15,9907.68356582
1610395200,79.45,86,81.1,85.88,5519.85459141
1610398800,83.43,88.56,85.88,87.94,6251.97509043
1610402400,87,90.78,88.35,87.86,6205.02447714
1610406000,85.67,89.48,87.98,88.16,5240.44771967
1610409600,83.78,88.21,87.93,85.52,4387.70084294
1610413200,85.49,94.48,85.49,89.32,11849.09203806
1610416800,88.77,93.05,89.39,92.25,14114.79244939
1610420400,90.41,94.58,92.61,93.98,9556.47694777
1610424000,90.42,94.5,93.77,91.53,6773.78096792
1610427600,89.5,93.36,91.53,93.34,6654.91988054
1610431200,92.2,105.5,93.38,101.96,15222.41609571
1610434800,97.85,104.54,101.74,101.91,9542.33458557
1610438400,97.63,102.59,101.9,99.22,3913.60202304
1610442000,97.09,100.81,99.22,99.65,2637.08734653
1610445600,95.03,102.65,100.03,98.04,2906.22268138
1610449200,96.07,100.43,98.05,97.5,1688.50733393
1610452800,95.2,99.08,97.41,97.06,3116.90657883
1610456400,88.46,97.42,97.15,88.77,7312.13687172
1610460000,88.59,92.62,88.91,92.62,5731.10828586
1610463600,92.59,97.46,92.63,96.36,4129.83917821
1610467200,96.58,103.14,96.58,99.9,7990.24063657
1610470800,96.5,100.2,99.97,98.66,6300.66086418
1610474400,98.31,103,98.73,100.63,10965.28863254
1610478000,96,100.46,100.46,98.16,6228.98099388
1610481600,96.09,100.92,98.23,99.31,9525.55422896
1610485200,99.07,104,99.26,102.79,9395.12353589
1610488800,98.22,103.51,102.4,98.86,5548.79638031
1610492400,96,100.23,99.08,99.52,7369.33243206
1610496000,92,99.74,99.61,92,7654.42855554
1610499600,92.25,99.09,92.32,98.89,5055.69816811
1610503200,97.35,105.11,98.93,99.89,13764.30320572
1610506800,99.01,102.8,99.79,99.69,4501.07978063
1610510400,98.49,101.37,99.78,99.66,3976.13792534
1610514000,98.96,101.82,99.63,100.36,2477.44751828
1610517600,100.13,102.56,100.42,100.84,2709.28365778
1610521200,100.21,104.26,100.83,103.46,3512.96485367
1610524800,101.03,104.07,103.58,102.14,1621.60457849
1610528400,101.53,107.92,102.02,107.92,2219.87982667
1610532000,105.03,108.5,107.87,106.67,5590.290529
1610535600,103.25,109,106.67,104.01,4818.09378633
1610539200,102.47,110,104.06,109.27,4616.78569546
1610542800,107,109.66,109.24,108.09,6763.5148697
1610546400,107.39,112.49,108.33,107.66,9160.43231548
1610550000,107.74,117,107.74,116.7,15272.02600143
1610553600,113.7,121,116.99,115,20303.72396128
1610557200,112.5,116.27,114.97,114.05,7948.08208988
1610560800,113.52,119.09,114.05,115.3,14493.83349006
1610564400,112.69,115.68,115.39,112.75,8567.49836106
1610568000,112.84,115.77,112.91,115.48,4560.86980868
1610571600,113,116.48,115.48,116.18,16748.06507393
1610575200,114.41,120.63,116.18,119,9630.97535631
1610578800,116.53,120.01,119.04,117.36,9027.24507202
1610582400,113.7,119.28,117.51,115,7803.08318206
1610586000,113.25,116.42,114.99,115.9,5378.5709169
1610589600,113.32,116.32,115.9,114.23,3504.60623177
1610593200,112.99,115.15,114.1,113.42,3695.9432031
1610596800,110.59,113.93,113.42,113.59,4994.19549356
1610600400,110.73,113.85,113.8,110.99,2819.09428387
1610604000,110.89,113.18,111.02,112.77,2697.67234109
1610607600,112.01,115.59,112.72,113.24,6382.2893501
1610611200,111.51,114.17,113.26,111.98,2820.75609684
1610614800,109.83,112.57,111.89,110.71,2288.43668268
1610618400,110.54,114.76,110.76,114.69,1059.91265832
1610622000,113.32,116.81,114.5,115.71,1518.00362918
1610625600,113.8,117.54,115.7,117.53,1301.59263714
1610629200,114.62,117.46,117.46,114.78,1989.67052967
1610632800,114.16,116.75,114.8,116.75,5625.65490191
1610636400,113.68,116.75,116.75,114.47,7263.37352909
1610640000,109.45,114.78,114.75,110.62,15701.81998574
1610643600,110.67,112.97,110.67,112.02,4152.66945032
1610647200,108.89,112.45,112.01,110,5264.62283044
1610650800,109.25,111.37,110,111.25,4407.41780587
1610654400,108.37,111.7,111.22,108.37,4049.74693945
1610658000,105.17,109.52,108.37,109.36,5250.06289929
1610661600,106.78,109.96,109.37,109.8,3968.48421667
1610665200,108.79,112.5,109.88,111.82,3087.49976153
1610668800,110.68,112.83,111.71,111.91,2974.21040934
1610672400,109.98,112.5,111.76,110.97,4312.72792318
1610676000,109.76,112.19,110.75,111.5,1726.42660656
1610679600,108.25,111.6,111.5,109.46,3561.26160769
1610683200,107.33,109.9,109.37,107.96,1343.64322544
1610686800,105.93,110.37,107.82,105.93,1933.98228874
1610690400,104.81,107.37,105.92,106.33,5822.61807484
1610694000,104.77,108.89,106.05,107.96,4524.82992081
1610697600,106.52,108.69,107.92,107.43,1178.41277566
1610701200,106.96,108.38,107.41,108.07,719.4679035
1610704800,107.94,110.09,108.3,108.27,659.84040698
1610708400,106.9,108.91,108.27,107.54,1360.50211635
1610712000,105.39,107.8,107.8,107.16,1151.10279634
1610715600,105.66,112.64,107.14,111.67,3376.70709349
1610719200,106.01,115,111.65,108.07,6212.06886746
1610722800,100.01,108.39,108.36,100.02,5546.03367037
1610726400,95,104.42,100.36,103.72,10195.21969008
1610730000,101.24,104.06,103.7,102.34,3939.84035116
1610733600,100.28,103.64,102.2,101.57,2686.70057647
1610737200,100.71,102.69,101.67,101.07,1866.02436651
1610740800,100,102.54,100.95,102.48,1859.89464516
1610744400,101.84,104.16,102.46,103.73,2130.52505825
1610748000,103.26,104.51,103.73,104.08,1650.02616755
1610751600,102.63,104.28,103.95,103.41,1425.62434029
1610755200,103.28,110,103.3,108.62,4973.16147353
1610758800,106.08,108.97,108.59,106.12,3414.22453863
1610762400,103.22,107.9,106.08,104.38,3940.24780239
1610766000,103.98,105.59,104.42,105.59,2118.08157915
1610769600,104.02,105.66,105.6,104.92,3826.30993688
1610773200,102.11,105.34,105.06,103.47,5186.61412152
1610776800,103.07,104.2,103.48,103.48,1519.133309
1610780400,103.44,106.86,103.6,106.05,3240.91152504
1610784000,104.4,106.57,106.19,106.57,863.20969189
1610787600,104.45,106.57,106.57,104.65,1314.12417019
1610791200,104.22,106.07,104.91,104.93,1528.21783395
1610794800,104.14,106.37,104.78,106.37,1867.7449476
1610798400,102.78,106.5,106.37,104.43,1499.02594879
1610802000,103,104.84,104.49,103.45,1714.35104608
1610805600,102.57,104.2,103.47,103.48,3134.6686577
1610809200,101.92,105.26,103.39,105.22,3254.29563256
1610812800,105.25,110.55,105.27,108.96,10204.33550486
1610816400,108.58,114.72,109.01,110.43,11902.89973216
1610820000,108.5,111.99,110.08,108.71,4272.15719179
1610823600,107.69,110,108.7,108.92,3455.28351414
1610827200,108.08,109.81,108.76,109.08,2310.92482805
1610830800,106.39,109.28,109.1,108.19,2247.00361854
1610834400,105.73,112.25,108.25,110.07,5408.22425806
1610838000,108.15,110.21,110.16,108.25,1612.70661945
1610841600,105.85,108.5,108.18,107.39,3853.56431554
1610845200,106.04,108.29,107.32,107.7,2752.57741552
1610848800,106.52,108.8,107.52,106.63,1911.63970239
1610852400,105.19,106.9,106.46,106.05,2851.04441267
1610856000,105.02,107.15,106.48,105.02,1111.1661645
1610859600,102.85,105.52,105.02,103.87,2047.94108981
1610863200,103.05,105.02,103.58,104.12,770.81403791
1610866800,101.41,104.62,104.09,102.75,3510.05391799
1610870400,101.93,103.84,102.72,103.01,1368.76797305
1610874000,102.07,105.97,103.11,102.2,1362.01681753
1610877600,101.41,104.32,102.19,102.96,1592.91872037
1610881200,102.37,103.72,102.95,103.35,876.81947995
1610884800,98.6,103.75,103.32,100.1,2347.99336773
1610888400,98.1,101.13,100.1,99.83,3028.53518609
1610892000,98.78,100.37,99.84,99.23,1909.05865761
1610895600,99.23,102.06,99.31,101.3,2526.81026355
1610899200,99.22,101.34,101.07,100.5,4480.08266235
1610902800,99.92,101.33,100.67,100.79,4012.72428251
1610906400,100.65,102.17,100.78,101.15,4067.93026353
1610910000,100.63,103.21,101.17,101.07,4838.14574671
1610913600,100.5,103.5,100.91,103.06,4157.30755238
1610917200,101.93,103.87,103.09,103.58,3581.65081441
1610920800,102.53,104.28,103.6,103.13,4083.0313654
1610924400,101.5,103.62,103.28,102.33,2242.6698161
1610928000,101.74,103.86,102.37,103.34,2100.87399816
1610931600,103.43,106.6,103.43,106.05,5395.385478
1610935200,102.24,106.28,106.15,102.8,4129.7814254
1610938800,100.07,103.33,102.81,101.69,3061.94349303
1610942400,100.63,102.64,101.65,101.48,1405.88933487
1610946000,100.96,102.89,101.46,102.62,2109.47727801
1610949600,101.83,102.93,102.81,101.91,628.00797546
1610953200,101.83,103.87,102.06,103.71,2404.65753314
1610956800,103.1,105.34,103.68,103.23,2166.35727624
1610960400,103.28,105.07,103.5,103.65,743.04227735
1610964000,102.64,104.62,103.77,104.35,838.79669267
1610967600,102.35,104.59,104.39,104.09,542.07270027
1610971200,103.68,105.43,103.89,104.42,1551.64745823
1610974800,102.63,104.52,104.4,102.63,1845.29972864
1610978400,101.11,103.21,102.97,101.8,2071.87130099
1610982000,101.34,102.95,101.75,102.84,924.23616147
1610985600,101.15,103.52,102.85,102.81,2239.26309805
1610989200,102.26,104.9,103.11,102.79,2047.98916093
1610992800,102.54,103.48,102.81,103.01,2412.63301375
1610996400,102.66,103.27,103,103.17,516.9010075
1611000000,102.83,103.87,103.01,103.18,1848.56596382
1611003600,102.8,103.88,103.29,103.34,930.59971213
1611007200,102.28,103.88,103.32,103.24,1305.22510523
1611010800,103.03,104.16,103.25,104.09,1927.50987267
1611014400,103.2,104.19,104.11,103.4,2621.3006746
1611018000,102.26,103.82,103.42,103.64,5619.01316827
1611021600,103.39,105.39,103.65,104.54,4528.8186065
1611025200,103,104.54,104.54,103.32,2446.01792466
1611028800,102.84,104.69,103.36,103.27,1365.04059568
1611032400,103.27,104.4,103.27,103.64,748.0756002
1611036000,103.11,104.36,103.61,103.57,980.80949783
1611039600,103.01,104.08,103.46,104.08,969.67151225
1611043200,104.08,107.59,104.08,105.49,3079.87984078
1611046800,104.66,106.16,105.64,105.52,818.60611905
1611050400,105.11,107.34,105.57,105.87,941.20046132
1611054000,105.61,107.98,106.11,107.34,2190.50040435
1611057600,106,109.56,107.54,106.16,3993.73585998
1611061200,106,108.56,106.25,107.86,3152.33983853
1611064800,106.53,108.09,107.88,106.68,1400.28696863
1611068400,106.7,108.42,106.7,108.07,2987.68641267
1611072000,108.11,112.72,108.11,109.05,8454.93391653
1611075600,108.93,111.36,108.95,110.2,3034.01523595
1611079200,106.58,110.39,110.18,106.58,3335.94351998
1611082800,103.09,107.45,106.72,105.53,4511.96144065
1611086400,105.12,107.45,105.38,107.04,2568.07180895
1611090000,106.7,108.12,106.83,106.92,2786.95665577
1611093600,105.45,107.15,106.8,106.61,735.46653656
1611097200,102.5,106.56,106.56,102.55,2067.19295787
1611100800,101.53,104,102.54,103.68,4301.57113698
1611104400,100.14,103.7,103.27,101.03,2875.09792099
1611108000,100.19,102.53,100.93,102.37,3382.5077388
1611111600,98.77,102.5,102.36,98.94,4009.11899342
1611115200,97.48,99.99,98.87,98.97,4491.27458209
1611118800,98.58,100.7,98.9,100.7,3427.9171893
1611122400,99.5,100.97,100.65,99.61,3624.64194468
1611126000,99,101.26,99.61,100.45,1430.79752908
1611129600,99.28,101.03,100.53,100.36,706.5240008
1611133200,97.14,100.31,100.31,97.6,1189.59348824
1611136800,96.14,98.29,97.59,98.18,1483.82028542
1611140400,91.28,98.49,98,94.38,6571.63456672
1611144000,92.6,95.78,94.5,95.02,3228.03959794
1611147600,92.82,96.24,95.2,96.13,2949.0244792
1611151200,95.24,96.62,96.25,95.56,2720.54193292
1611154800,93.06,96.26,95.67,93.47,3471.58158628
1611158400,90.62,96.98,93.43,96.51,7312.66422825
1611162000,95.09,96.8,96.49,96.35,3466.24963166
1611165600,95.76,96.97,96.23,96.91,3934.93600845
1611169200,96.49,98.43,96.95,98.1,3879.41586716
1611172800,97.52,99.22,98.12,98.18,3617.29570619
1611176400,97.21,98.86,98.19,98.73,2576.75250597
1611180000,98.07,99.5,98.78,98.73,1530.16671249
1611183600,97.93,99.53,98.77,99.25,1694.38863832
1611187200,97.84,99.66,99.33,98.52,2204.68170622
1611190800,96.28,98.75,98.52,97.25,2297.22713008
1611194400,94.55,97.12,97.12,95.03,2311.73657751
1611198000,94.4,96.03,95.32,95.15,1126.67479999
1611201600,93.58,96.44,95.15,93.58,2412.10557881
1611205200,92.22,93.93,93.58,93.71,1544.63055119
1611208800,93.54,94.76,93.7,94.36,580.75700956
1611212400,93.4,94.83,94.34,93.6,532.76778879
1611216000,90.4,93.7,93.7,90.48,2367.04490506
1611219600,88.13,91.19,90.47,89.39,6150.54656906
1611223200,87.44,90.58,89.39,90.15,1966.52887992
1611226800,88.9,91.09,90,89.41,2260.41388401
1611230400,87.34,91.75,89.35,90.96,2586.5830388
1611234000,89.98,91.57,90.95,90.29,1502.2441853
1611237600,87.98,90.68,90.3,88.49,5058.1384076
1611241200,87.99,90.19,88.59,88.7,3157.19761933
1611244800,86.62,89.76,88.49,86.62,6212.68261554
1611248400,86.14,87.97,86.58,87.76,2694.45310081
1611252000,86.85,88.57,87.7,88.15,3297.26536511
1611255600,87.72,89.8,88,89.57,2249.08953046
1611259200,88.61,89.77,89.49,88.68,1318.37783694
1611262800,88.38,89.64,88.67,88.38,1342.61355752
1611266400,82.58,88.37,88.37,84.25,10349.67412835
1611270000,82.75,85.4,84.24,82.88,4080.29481545
1611273600,76.25,83.14,82.92,78.53,22388.94409294
1611277200,77.29,82.56,78.53,81.87,11879.84112016
1611280800,80.85,83.91,81.86,83.9,5163.00374528
1611284400,81.38,83.88,83.88,83.34,2868.30817069
1611288000,82.66,84.84,83.39,82.69,4043.1205284
1611291600,81.98,84.89,82.77,84.4,2613.3710565
1611295200,83.49,84.84,84.29,84.01,4463.88278538
1611298800,82.14,85.01,84.13,82.74,1611.56825642
1611302400,81.62,84.25,82.75,84.25,1273.76141002
1611306000,83.49,84.97,84.22,84.68,708.36596612
1611309600,84.09,85.73,84.6,85.32,913.08589833
1611313200,85.07,86.51,85.55,85.48,1870.32080946
1611316800,84.76,86.29,85.49,85.69,3205.41082162
1611320400,85.27,88.02,85.64,87.31,4178.38591349
1611324000,86.74,87.71,87.32,87.71,3243.6824491
1611327600,87.65,89.43,87.72,88.15,11304.92637596
1611331200,88.14,91.61,88.15,89.4,11382.31554161
1611334800,87.3,89.96,89.4,88.23,14568.17451235
1611338400,87.65,89.1,88.23,89.1,3146.22355712
1611342000,88.71,89.58,88.98,89.01,1972.53407662
1611345600,87.56,89.15,89.14,87.69,3225.11480341
1611349200,87.55,88.56,87.93,87.62,2157.46360381
1611352800,85.79,88.01,87.88,85.91,2809.90882549
1611356400,85.78,87.38,85.91,87.03,2346.65545111
1611360000,84.95,86.89,86.81,86.3,3423.28897041
1611363600,85.87,88.48,86.31,87.85,5996.27468819
1611367200,86.13,88.22,87.74,86.66,1545.45174503
1611370800,86.36,87.34,86.7,87.11,1423.42453458
1611374400,86.61,87.73,87.01,87.51,2347.07145286
1611378000,86.93,88.61,87.45,88.3,1599.43285749
1611381600,87.79,88.84,88.18,87.97,2062.13819131
1611385200,87.91,89.82,87.91,89.36,1522.84652559
1611388800,88.6,90.37,89.32,90.34,2041.08093545
1611392400,88.35,90.58,90.34,88.58,826.61779412
1611396000,86.58,88.92,88.86,87.15,2668.86108751
1611399600,84.1,87.68,87.25,84.86,1965.16850714
1611403200,84.28,85.94,85.29,84.72,1161.59896162
1611406800,83.85,86.34,84.68,85.77,831.72462307
1611410400,84.72,85.95,85.77,85,1697.66046127
1611414000,84.9,86.14,84.98,85.28,2452.95202075
1611417600,84,86.87,85.17,86.57,3037.22047805
1611421200,86.56,88.42,86.56,88.21,2417.68335442
1611424800,87.07,88.56,88.21,87.46,1522.90564227
1611428400,86.92,87.79,87.5,87.19,1981.63838912
1611432000,86.53,87.19,87.15,86.53,1688.72408274
1611435600,85.76,87.55,86.65,86.91,1713.55503977
1611439200,85.86,86.91,86.86,86.17,805.53541469
1611442800,85.58,86.44,86.14,86.08,1593.54382855
1611446400,85,86.59,85.94,86.51,2196.46543649
1611450000,86.3,87.45,86.3,86.82,3276.43670568
1611453600,86.56,88.46,86.94,87.84,3065.16907381
1611457200,86.99,88.34,87.85,88.34,1594.07317898
1611460800,87.65,88.64,88.35,88.51,2328.14235241
1611464400,88.24,89.27,88.43,88.74,1958.32537308
1611468000,87.95,88.93,88.75,88.1,1694.98973056
1611471600,87.3,88.31,88.09,88.25,936.63413461
1611475200,87.89,90.85,88.15,90.14,2584.74362377
1611478800,90,91.5,90.16,90.32,6034.18056666
1611482400,89.24,90.96,90.32,90.49,828.76028075
1611486000,89.99,91.29,90.8,90,4633.2374556
1611489600,87.72,90.11,90,88.37,3734.29102103
1611493200,86.72,88.73,88.41,88.5,3106.35518193
1611496800,86.9,89.23,88.53,87.32,1388.30426555
1611500400,87.2,89,87.22,89,1982.23720043
1611504000,88.38,92.55,89,90.79,9367.53484463
1611507600,89.78,91.99,90.78,90.27,3920.16424325
1611511200,89.32,90.29,90.17,89.79,1058.80124918
1611514800,87,90.16,89.81,87.93,3886.63930412
1611518400,87.91,89.26,87.91,89.22,3335.01891095
1611522000,88.66,89.57,89.05,89.02,2214.16474448
1611525600,88.67,89.76,88.99,89.59,1092.20531258
1611529200,89.19,90.37,89.58,90.07,3725.30184018
1611532800,90.07,91.83,90.07,90.69,5787.7523714
1611536400,89.61,90.96,90.81,90.08,3192.78231048
1611540000,89.39,90.38,90.23,90.2,1245.63396072
1611543600,89.74,91.02,90.2,91.02,2206.84243942
1611547200,89.76,91.22,91.03,91.08,1567.2869319
1611550800,90.51,91.08,91.06,91,995.02904971
1611554400,90.06,91.15,91.09,90.29,922.66266964
1611558000,89.05,90.4,90.29,89.88,1277.46654515
1611561600,89.83,92.64,89.89,91.61,11363.53542591
1611565200,91.5,94.7,91.68,91.67,7979.07271863
1611568800,91.5,94.35,91.66,94.06,2365.34052697
1611572400,93.03,94.99,94.15,93.9,3160.54004978
1611576000,93.86,95.9,94.03,95.01,3949.28125651
1611579600,94.3,96.59,95,95.01,4992.55705561
1611583200,93.25,95.35,95.08,93.35,1842.05934998
1611586800,91.96,94.73,93.25,94.25,3532.34768517
1611590400,91.19,95.5,94.44,92.01,4866.51097638
1611594000,91.35,92.87,92.05,91.35,1463.79555918
1611597600,90.8,92.18,91.35,91,1799.63075912
1611601200,90.8,93.04,90.93,91.59,3011.69453687
1611604800,90.47,91.79,91.71,91.03,1794.32098491
1611608400,89.01,91.02,90.91,90.75,4229.24439088
1611612000,88.8,90.79,90.79,89.21,2624.99777147
1611615600,87.81,89.71,89.21,87.81,1047.14338827
1611619200,87.01,90.32,87.8,89.39,1849.5505106
1611622800,88.39,89.69,89.24,89.69,1287.60739531
1611626400,88.99,89.64,89.64,89,839.48334657
1611630000,86.25,89.39,89.12,86.74,3457.05797364
1611633600,86.7,88.25,86.79,88.04,2349.18285091
1611637200,87.46,88.12,87.93,87.9,449.49566402
1611640800,86.03,87.99,87.9,86.66,1710.73473741
1611644400,85.33,86.83,86.57,86.34,914.63863322
1611648000,86.01,86.91,86.41,86.91,541.2972962
1611651600,85.09,86.95,86.84,85.97,887.75745304
1611655200,85.8,87.42,85.98,87.2,599.69091332
1611658800,86.29,87.3,87.3,86.47,287.7022717
1611662400,85.83,87.88,86.46,85.98,1524.61318132
1611666000,85.5,86.67,86.06,86.53,801.4037939
1611669600,84.62,86.86,86.51,85.17,1176.19557466
1611673200,84.72,86.05,85.19,84.87,724.86476379
1611676800,83.86,85.87,84.75,85.87,4478.13557145
1611680400,85.68,86.35,85.88,86.35,1019.79810128
1611684000,85.88,88.51,86.36,88.29,1954.26802735
1611687600,87.6,89.34,88.32,88.54,1945.33528156
1611691200,87.8,89.09,88.55,88.24,1992.11620039
1611694800,87.4,88.98,88.4,87.5,2548.37975312
1611698400,87.44,88.86,87.51,88.72,574.95110576
1611702000,88.2,90.16,88.69,89.27,2173.97253896
1611705600,87.48,89.34,89.19,88.01,645.52175918
1611709200,86.76,88.05,88.02,86.89,639.48321048
1611712800,86.44,88.31,86.84,86.6,1287.49425138
1611716400,85.8,87.11,86.67,85.8,851.02927261
1611720000,85.4,86.23,85.79,85.7,853.89521332
1611723600,84.08,85.67,85.67,84.85,1787.53556856
1611727200,84.62,85.48,84.84,85.39,415.93843224
1611730800,85.06,86.04,85.25,85.73,407.21674688
1611734400,83,85.67,85.67,83.27,1622.02974837
1611738000,81.94,83.53,83.28,83.15,1524.98451677
1611741600,82.21,83.33,82.92,82.98,357.37178305
1611745200,81.66,84.23,82.74,81.84,1053.24690446
1611748800,80.32,82.07,81.65,81.46,2494.71008691
1611752400,78.91,81.77,81.38,78.91,4215.74904708
1611756000,76.99,79.85,78.9,78.15,8695.01729187
1611759600,77.94,81.05,78.15,80.45,3167.10319924
1611763200,79.39,81.5,80.43,80.18,3635.67404172
1611766800,78.91,80.83,80.09,79.45,2017.04526402
1611770400,78.06,79.71,79.54,78.41,1913.6482499
1611774000,78.54,80.94,78.54,80.88,1372.55079722
1611777600,80.16,81.86,80.51,81.44,6878.00948725
1611781200,80.12,81.75,81.5,80.36,2159.86811616
1611784800,79.07,80.84,80.37,79.52,1635.8786337
1611788400,78.5,79.82,79.51,78.64,1216.31392541
1611792000,77.26,79.06,78.63,78.78,2327.91161979
1611795600,78.62,79.98,78.79,79.98,1177.71608993
1611799200,79.91,80.61,79.98,80.2,1064.20416101
1611802800,80.09,81.08,80.2,81.03,793.0815911
1611806400,80.43,81.83,81.08,81.32,2809.13770635
1611810000,80.85,82.44,81.32,82.37,1447.78793459
1611813600,82.13,83.23,82.42,82.13,2125.85299172
1611817200,81.11,82.12,82.12,81.46,518.22892543
1611820800,81,81.91,81.47,81.16,276.41127817
1611824400,80.23,82.2,80.99,82.2,712.5732578
1611828000,81.18,82.34,82.2,81.84,771.47921353
1611831600,81.21,82.04,81.88,82.04,806.66728663
1611835200,82.05,83.85,82.05,82.93,2463.62978646
1611838800,82.3,83.94,82.95,83.7,1762.65576648
1611842400,82.72,83.93,83.63,83.13,1458.12444006
1611846000,83.03,85.21,83.14,85.12,2562.53042381
1611849600,83.51,86,85.18,84.69,2877.26870473
1611853200,84.34,88.75,84.6,87.4,5538.07277794
1611856800,86.12,87.59,87.37,87.06,3065.92499296
1611860400,86.73,87.45,87,87.04,1275.09967444
1611864000,85.58,87.52,87.09,85.89,2105.58378926
1611867600,85.95,86.88,85.95,86.66,957.0258287
1611871200,86.01,87.05,86.58,86.21,1846.65925216
1611874800,85.29,88.05,86.21,86.97,2893.5178089
1611878400,86.99,89.02,87.09,88.01,2810.80601269
1611882000,86.48,88.66,87.91,87.01,1378.57466319
1611885600,86.03,87.44,87.14,86.27,1185.91428995
1611889200,84.17,86.61,86.12,84.3,2387.48149298
1611892800,82.45,84.42,84,83.83,4611.56135133
1611896400,83.54,85.67,83.98,85.23,1349.89081761
1611900000,83.4,85.21,85.21,83.61,1565.9156131
1611903600,82.5,84.47,83.44,83.27,1094.0677972
1611907200,82.45,86.16,83.21,86.12,2421.96806136
1611910800,85.29,88.37,85.96,86.68,4481.49277985
1611914400,84.97,86.79,86.71,86.65,1168.92729581
1611918000,86.56,87.76,86.66,86.97,1654.92103616
1611921600,86.66,88.46,86.97,88.22,2960.72335527
1611925200,87,90,88.2,89.97,2536.69243922
1611928800,86.7,90.54,89.87,87.77,4542.6321634
1611932400,87.59,89.06,87.8,88.32,963.52878802
1611936000,85.75,89.15,88.33,86.28,3041.52092413
1611939600,84.93,87.1,86.36,84.97,2739.4608916
1611943200,84.29,85.69,85.14,84.67,3032.01024773
1611946800,83.4,85.15,84.58,85.06,2327.36217792
1611950400,84.67,86.19,85.07,85.78,1284.66624521
1611954000,85.3,86.22,85.65,85.72,1768.4519098
1611957600,85.61,86.5,85.65,85.96,1224.20034611
1611961200,85.41,86.14,85.93,85.63,996.6186193
1611964800,85.01,86.4,85.53,85.22,2103.1291648
1611968400,84.73,86.07,85.21,84.81,634.77206143
1611972000,84.3,85.69,84.81,84.34,945.36734048
1611975600,83.05,84.34,84.34,83.62,1525.03953705
1611979200,83.41,83.97,83.72,83.63,792.84397667
1611982800,83.05,84.11,83.52,83.65,740.56649945
1611986400,82.86,84.25,83.57,84.18,1057.84634146
1611990000,83.41,84.42,84.17,84.16,628.81618
1611993600,84.08,84.58,84.21,84.08,244.323805
1611997200,84,84.95,84.17,84.32,283.34373655
1612000800,83.24,84.59,84.44,84.32,1507.24592867
1612004400,83.34,84.58,84.33,83.34,365.04517853
1612008000,83.07,83.72,83.37,83.5,386.29239744
1612011600,83.05,84.06,83.48,84.02,1566.12739704
1612015200,83.55,84.91,83.97,84.67,1717.64118604
1612018800,84.19,85.54,84.57,84.48,3570.58184433
1612022400,82.83,84.7,84.47,84.02,8433.29790384
1612026000,83.39,84.9,84.07,84.36,3618.40736685
1612029600,83.61,84.44,84.36,84.32,2370.51877071
1612033200,83.5,84.44,84.42,84.38,1561.32194929
1612036800,84,84.66,84.43,84.14,1303.84071931
1612040400,84.01,85.25,84.07,85.14,1915.8475314
1612044000,84.81,85.32,85.18,84.87,1953.12618667
1612047600,84.29,85.11,84.93,84.48,2028.78328762
1612051200,83.87,87.77,84.52,87.45,5410.70456397
1612054800,85.39,87.58,87.58,85.88,2535.80699539
1612058400,84.64,86.05,85.92,84.93,4558.31124996
1612062000,84.7,86.19,84.93,85.76,2396.40497747
1612065600,85.2,85.88,85.63,85.22,902.69544472
1612069200,84.06,85.35,85.21,84.55,1497.85426773
1612072800,83.71,84.89,84.37,83.84,1310.10136987
1612076400,83.74,84.83,83.93,84.29,1098.79763639
1612080000,83.76,84.71,84.14,84.24,924.84943037
1612083600,83.85,84.72,84.28,83.85,505.06355982
1612087200,83.81,85.12,83.85,85.12,489.16803974
1612090800,84.99,86.75,85.1,85.76,1683.4831775
1612094400,84.66,86.48,85.74,85.96,1213.66270561
1612098000,85.08,86.24,86.04,85.24,408.31814613
1612101600,84.16,85.46,85.23,84.25,551.76184107
1612105200,82.9,84.56,84.27,83.57,2716.88393108
1612108800,82.91,85.59,83.63,84.9,2546.03929314
1612112400,83.12,84.98,84.9,83.35,1416.37460046
1612116000,82.48,83.96,83.28,82.48,1337.8712431
1612119600,82.55,83.82,82.55,83.73,769.23979108
1612123200,83,84.6,83.58,84.42,913.21215906
1612126800,84.25,85.49,84.47,85.04,1410.62928667
1612130400,84.55,85.68,85.16,85.02,2789.26108505
1612134000,84.84,86.56,84.84,85.57,2522.42078848
1612137600,84.02,86,85.65,84.53,3309.80090107
1612141200,84.23,86.32,84.66,85.69,2105.14889389
1612144800,85.73,87.5,85.73,87.15,2517.51946829
1612148400,86.91,88.44,87.25,87.2,3167.30977508
1612152000,86.66,87.8,87.19,87.23,3322.65202342
1612155600,87.39,89.67,87.39,88.45,5205.85871043
1612159200,86.44,89.17,88.55,86.94,2791.26959098
1612162800,86.6,87.7,86.9,87.39,975.17493628
1612166400,86.85,88.33,87.7,87.35,1563.8650495
1612170000,86.49,87.61,87.15,87.61,627.20324136
1612173600,87.14,87.99,87.59,87.29,400.06923533
1612177200,86.79,88.49,87.29,86.95,1313.18150827
1612180800,86.66,88.18,86.88,87.27,2859.80787536
1612184400,85.66,88.31,87.31,85.92,1940.19546913
1612188000,84.06,85.99,85.76,85.36,1822.74529041
1612191600,84.97,86.19,85.31,85.61,743.36866082
1612195200,85.5,86.37,85.52,85.63,1861.08168115
1612198800,84.84,86.34,85.57,86.19,869.693862
1612202400,85.68,86.53,86.19,86.08,482.95632023
1612206000,85.73,87.21,86.08,86.76,1574.97359069
1612209600,86.35,87.05,86.68,86.53,938.37691433
1612213200,86.2,87.34,86.38,87.06,1436.91510617
1612216800,86.82,88.5,87.05,88.45,1388.3432604
1612220400,87.85,88.73,88.3,88.73,3741.88389789
1612224000,88.59,90.74,88.63,89.15,5663.30174048
1612227600,88.24,89.99,89.12,89.99,2222.80284619
1612231200,89.77,92.64,89.99,92.03,5853.322254
1612234800,91.13,93.23,92.03,91.99,5457.00492953
1612238400,92,93.82,92,92.53,3468.83482269
1612242000,91.49,92.68,92.67,91.68,2844.2910244
1612245600,91.22,92.13,91.74,91.43,1296.20766032
1612249200,90.14,92.4,91.57,92.14,571.25423722
1612252800,90.45,92.49,92.15,90.55,665.1586277
1612256400,89.66,91.07,90.52,90.13,1450.68881794
1612260000,89.71,90.24,90.17,90.23,1374.34542369
1612263600,89.39,90.56,90.15,89.96,796.70626828
1612267200,89.72,91.48,90.01,91.15,1457.6935227
1612270800,90.92,92.97,91.14,92.35,2573.24066194
1612274400,90.25,92.35,92.16,91.75,2627.03172507
1612278000,90.94,93.18,91.75,92.93,2433.97705102
1612281600,91.34,94.43,93.18,92.92,3859.91815571
1612285200,91.96,93.03,93.01,92.01,2762.79650734
1612288800,91.8,92.54,92.1,92.46,2234.39072115
1612292400,92.23,93.13,92.45,92.66,1613.94625031
1612296000,92.36,93.32,92.77,92.84,2345.93889839
1612299600,91.58,92.96,92.96,91.66,1734.04741382
1612303200,91.94,93.38,91.94,93.04,1310.94707812
1612306800,92.09,93.42,93.13,92.6,1910.2007194
1612310400,92.61,94.82,92.61,94.25,2560.36057368
1612314000,93.89,96.1,94.33,95.33,3663.01752099
1612317600,93.83,95.31,95.31,94.79,2126.42662099
1612321200,94.59,96.56,94.84,96.34,4041.90196222
1612324800,95.51,96.96,96.37,95.53,4115.0724533
1612328400,95.21,95.71,95.58,95.59,1180.26975573
1612332000,95.19,97.04,95.58,96.04,2655.99457934
1612335600,95.24,96.48,96.15,95.38,1317.17253355
1612339200,94.12,95.6,95.44,95.09,1755.31564063
1612342800,93.94,95.2,95.11,94.44,797.0946313
1612346400,93.97,95.06,94.43,95,466.37221977
1612350000,94.9,96.08,95,95.27,1605.60890399
1612353600,94.61,95.32,95.14,94.95,1074.64487056
1612357200,94.66,95.37,94.95,94.78,1939.97514136
1612360800,94.58,95.76,94.79,94.61,1751.70962604
1612364400,94.68,95.87,94.69,95.16,1001.96121942
1612368000,94.14,96.13,95.22,94.72,1957.05006691
1612371600,94.06,95.85,94.56,95.71,1764.19094121
1612375200,95.43,96.19,95.65,95.9,1350.71777513
1612378800,94.66,95.99,95.9,94.8,2212.49629168
1612382400,94.44,95.71,94.79,95.08,952.23844746
1612386000,95,95.74,95.17,95.73,1314.06010097
1612389600,94.89,95.83,95.72,94.89,3314.3520131
1612393200,94.76,95.77,94.97,95.4,3082.11383434
1612396800,94.53,96.42,95.43,95.57,5516.85636094
1612400400,95,96.85,95.65,95.62,4206.01333239
1612404000,92.85,95.77,95.72,94.59,6563.02531144
1612407600,92.02,94.58,94.54,92.4,2734.66476096
1612411200,92.02,93.89,92.48,93.54,4039.5816699
1612414800,92.7,93.84,93.57,92.75,2746.91757108
1612418400,92.45,93.99,92.8,93.65,1884.76670344
1612422000,93.29,94.58,93.66,93.41,1289.08535695
1612425600,91.71,94.18,93.4,91.77,1520.4007152
1612429200,90.03,92.48,91.8,92.2,2388.60439661
1612432800,91.56,92.4,92.21,91.85,598.78475303
1612436400,91.18,92.01,91.65,91.18,1085.26692658
1612440000,90.73,92.97,91.17,92.65,783.62558198
1612443600,92,92.99,92.56,92.32,745.09917844
1612447200,90,92.45,92.2,90.03,3337.74888459
1612450800,88.93,90.76,90.12,89.7,2695.09585327
1612454400,88.88,90.8,89.79,90.77,2439.34083118
1612458000,90.2,91.67,90.79,90.35,2099.62098798
1612461600,90.1,91,90.35,90.68,3005.7755869
1612465200,90.49,91.54,90.64,91.42,3312.69629325
1612468800,91.06,91.84,91.44,91.47,3767.75569637
1612472400,91,91.67,91.38,91,2922.30520206
1612476000,89.5,91.34,91.24,90.9,3100.4480855
1612479600,89.94,91.52,90.9,90.11,2415.31242989
1612483200,89.26,91.21,90.12,90.75,2267.00598741
1612486800,90,91.77,90.76,90.01,3264.44036571
1612490400,89.55,90.72,90.2,90.72,3094.41321039
1612494000,90.18,91.23,90.68,91.13,3992.32536125
1612497600,90.66,92,91.12,91.82,2128.04103662
1612501200,91.6,93.1,91.88,93.07,1745.02406591
1612504800,92.45,93.49,93.08,92.95,2887.26894066
1612508400,92.63,93.5,92.94,93.5,1453.1443512
1612512000,92.2,93.71,93.5,92.74,2311.66979365
1612515600,91.68,93.08,92.76,91.76,1422.30748107
1612519200,91.66,93.58,91.67,92.4,996.5410661
1612522800,92.13,94.29,92.34,94.24,1917.36445234
1612526400,93.4,94.94,94.3,93.51,2634.88872902
1612530000,93.27,94.43,93.63,94.19,2328.08141245
1612533600,93.45,94.83,94.04,94.4,3702.14413576
1612537200,92.97,94.6,94.39,94.31,4971.59250808
1612540800,92.27,95.68,94.32,93.35,6135.38527159
1612544400,92.78,94.73,93.35,94.59,2635.52365711
1612548000,93.11,95.13,94.65,93.17,2442.8461497
1612551600,93,93.84,93.23,93.35,2722.27226136
1612555200,93.02,94.42,93.17,94.01,2301.44014198
1612558800,93.51,95.35,94,94.5,6629.41384705
1612562400,93.98,95.85,94.39,94.91,4763.21556943
1612566000,95.01,96.85,95.03,96.73,4342.63687886
1612569600,96.49,97.41,96.72,96.88,4787.17193472
1612573200,92,97.33,97.02,93.52,8665.52274877
1612576800,93.22,96.88,93.55,96.28,5456.27997391
1612580400,95.28,97.26,96.25,97.15,2683.96105799
1612584000,96.15,98.72,97.26,97.12,6556.07404193
1612587600,95.43,97.31,97.31,96.28,1548.11641907
1612591200,95.97,96.93,96.32,96.84,1837.85985045
1612594800,96.74,98.42,96.87,97.98,6012.94300197
1612598400,97.33,98.94,98,97.67,1942.90494849
1612602000,97.6,99,97.6,98.47,1030.00767065
1612605600,96.4,98.51,98.51,97.47,1422.09004562
1612609200,97.35,98.78,97.47,97.43,1803.46566077
1612612800,96.54,97.87,97.4,97.24,1448.0842577
1612616400,96.59,97.66,97.33,96.59,981.40073364
1612620000,95.81,97.36,96.59,96.55,1712.90357931
1612623600,96.36,97.42,96.58,96.42,1878.4347372
1612627200,96.33,98.75,96.41,96.92,3152.19666259
1612630800,96.45,97.18,96.96,96.72,1136.04567654
1612634400,95.4,96.64,96.59,95.64,2001.31436511
1612638000,95.13,96.58,95.64,96.58,1793.59392774
1612641600,94.69,96.67,96.57,95.24,1583.29144548
1612645200,95.27,95.92,95.29,95.48,1963.66843533
1612648800,94.74,95.85,95.48,94.87,2086.69872458
1612652400,94,94.78,94.76,94.46,3242.96218412
1612656000,94,95.77,94.37,95.52,2347.55031162
1612659600,93.18,95.74,95.5,93.36,2464.33946604
1612663200,91.7,93.86,93.26,92.84,4745.34117709
1612666800,92.22,93.5,92.74,93.5,1415.28282869
1612670400,90.75,93.49,93.34,91.29,2103.51999211
1612674000,90.93,92.03,91.3,91.48,734.33007564
1612677600,90.77,92.01,91.46,91.34,752.76147382
1612681200,91.23,92.7,91.31,92.48,807.5732253
1612684800,92.24,93.35,92.43,93.11,760.74377958
1612688400,92.57,93.22,93.15,92.87,211.83371309
1612692000,92.97,94.29,92.97,93.96,687.27049025
1612695600,92.56,94.07,93.84,93.45,743.30559243
1612699200,92.81,94.49,93.44,94.16,789.154585
1612702800,92.84,94.6,94.2,93.26,747.07228943
1612706400,92.04,93.25,93.16,92.17,1029.40592534
1612710000,90.13,92.67,92.29,91.26,2086.41404935
1612713600,89,91.54,91.16,91.36,3150.38355922
1612717200,91.14,93,91.34,92.29,1614.36847947
1612720800,92.29,93.07,92.29,92.87,662.67061772
1612724400,91.88,93.61,93.02,92.12,1242.58267925
1612728000,91.44,93.26,92.14,93.23,1074.34134679
1612731600,92.5,93.26,93.11,92.56,426.87955972
1612735200,91.4,92.66,92.66,92.34,626.25935099
1612738800,92.31,92.82,92.41,92.39,527.74450954
1612742400,92,93.51,92.44,92.17,631.41245384
1612746000,91.54,92.83,92.2,92.76,611.40167751
1612749600,91.35,92.95,92.81,91.52,824.05193304
1612753200,91.26,92.83,91.36,92.32,1700.08401802
1612756800,92.41,93.25,92.41,93.08,857.93562776
1612760400,92.57,93.6,93.08,93.31,883.6477684
1612764000,93.21,94.2,93.24,94.2,1256.6612337
1612767600,93.94,94.62,94.18,94.54,420.09462765
1612771200,93.46,94.76,94.6,93.74,415.81507281
1612774800,93.06,94.17,93.76,93.21,703.28985916
1612778400,93.21,93.94,93.26,93.91,273.68503863
1612782000,93.79,94.8,93.79,94.8,800.06880634
1612785600,93.82,96.17,94.74,96.13,2624.88649832
1612789200,94.66,96.8,95.87,96.08,5139.15770997
1612792800,95,96.8,96.07,96.21,3005.32112737
1612796400,95.43,97.02,96.21,96.62,2578.7015118
1612800000,95.31,98.2,96.48,95.83,5511.50395341
1612803600,94.88,96.26,95.88,96.04,2308.64180554
1612807200,95.45,96.45,95.96,95.72,1908.72348411
1612810800,95.61,96.23,95.74,96.17,1011.80876542
1612814400,96.03,97.31,96.03,96.82,1666.34985216
1612818000,96.58,97.45,96.79,97.11,1912.8743459
1612821600,96.5,97.96,97.09,97.59,3410.04991981
1612825200,97.12,98.68,97.7,98.06,3376.90595616
1612828800,97.22,98.81,98.19,98.54,3063.72248013
1612832400,97.42,99,98.54,99,2330.98804873
1612836000,97.61,99.39,98.93,98.78,2143.62294946
1612839600,98.32,105.12,98.63,103.42,16170.11266883
1612843200,102.04,104.9,103.61,102.26,10304.59098668
1612846800,101.48,102.78,102.13,102.39,3165.00885207
1612850400,101.71,103.07,102.47,103.07,2631.88053678
1612854000,102.34,105.59,102.96,103.19,7263.08483729
1612857600,103.27,105.27,103.27,105.17,2111.46224639
1612861200,101.21,105.27,105.26,102.23,1934.1804041
1612864800,100.13,102.2,102.19,100.13,1179.42636052
1612868400,100.21,101.94,100.21,101.9,753.90812801
1612872000,99.84,102.2,101.67,100.02,2188.67467355
1612875600,99.93,101.43,100,100.99,2924.9616206
1612879200,101.05,104.5,101.15,103.96,2624.14735371
1612882800,103.44,106.53,103.97,106.07,4573.2825848
1612886400,105.21,108.86,106.08,107.5,10225.38401579
1612890000,106.65,108.3,107.69,107.03,4317.73865848
1612893600,106.38,108.67,107.14,108.26,4653.7174299
1612897200,107.79,108.96,108.23,108.17,5316.04122441
1612900800,107.32,108.88,108.18,107.71,4684.264494
1612904400,107.42,110.27,107.71,109.97,4957.1013011
1612908000,108.49,110.45,110.07,109.61,3918.04463192
1612911600,107.08,110.04,109.5,108.96,4415.34962555
1612915200,107.75,109.87,109.04,109.01,4201.62772613
1612918800,108.91,113.07,109.15,113,7785.88898913
1612922400,111.61,114.18,112.94,112.04,8117.25497427
1612926000,110.96,113.22,112.04,112.28,3575.03228188
1612929600,109.58,112.35,112.32,110.33,5165.60130217
1612933200,109.66,114.27,110.37,113.43,2822.6549419
1612936800,113.63,116.86,113.63,114.58,6741.46792674
1612940400,114.63,116.85,114.75,116.19,2052.96222344
1612944000,114.61,117.4,116.23,116.15,4004.38221359
1612947600,116.17,118.62,116.31,118.51,3367.13781271
1612951200,118.51,121.72,118.51,119.26,5811.96292317
1612954800,116.1,119.87,119.17,117.05,3456.38866562
1612958400,108.05,116.95,116.92,111.65,11668.68902194
1612962000,110.66,114.65,111.65,114.45,9844.88878281
1612965600,110,114.53,114.4,110.38,5152.86183051
1612969200,106.32,111.09,110.38,109.12,10283.76090695
1612972800,108.88,113.23,109.13,112.74,3477.69307254
1612976400,111.54,115.84,112.51,115.05,3493.33646494
1612980000,112.92,115.05,115.05,114.86,3076.96130648
1612983600,113.14,115.97,114.76,115.16,2696.55185579
1612987200,111.97,115.49,115.29,112.41,6451.68359059
1612990800,112.44,115.27,112.44,115.27,3724.24028687
1612994400,114.29,117.06,115.27,116.67,3103.02974705
1612998000,115.18,118.44,116.85,116.53,6082.7666042
1613001600,114,118.28,116.43,114.56,4244.99151534
1613005200,113.25,115.58,114.56,114.57,3478.30811035
1613008800,114.5,117.3,114.52,117.23,4412.8387034
1613012400,116.35,117.31,117.23,117.1,1617.19728514
1613016000,115.47,117.31,117.13,116.24,3233.17403616
1613019600,115.2,116.27,116.01,115.83,1278.35467444
1613023200,114.98,116.89,115.74,115.77,1044.20573542
1613026800,115.49,116.75,115.83,116.13,563.25737854
1613030400,115.84,120.75,116.14,120.47,4889.93107292
1613034000,119.05,127.97,120.6,126.69,9162.30930726
1613037600,125.76,128.88,126.79,126.1,8449.94179132
1613041200,125.42,128.77,126.08,125.6,2960.39724947
1613044800,125.71,128.32,125.71,126.23,3318.82581224
1613048400,125.15,129.27,126.44,129.05,7479.83392507
1613052000,127.89,133.37,128.89,130.57,12511.75202793
1613055600,128.52,136.81,130.47,136.81,11271.83975119
1613059200,136.79,150,136.79,143.37,26992.9850615
1613062800,139.02,147.86,143.34,147.55,16003.72514805
1613066400,144.8,150,147.55,146.64,13504.59451285
1613070000,142.85,146.79,146.54,144.75,7149.85490316
1613073600,140.59,147,144.76,141.19,10866.52879641
1613077200,140.14,144.96,141.19,144.41,8292.96711387
1613080800,142.58,144.83,144.15,142.99,2752.66526802
1613084400,140.42,143.21,142.85,142.12,3944.83666361
1613088000,142.28,149.06,142.3,146.98,5391.66000618
1613091600,144.22,146.76,146.76,145.13,3230.34946837
1613095200,143.12,146.32,145.01,144.6,2454.28809869
1613098800,142.87,146.6,144.6,142.96,2980.70090683
1613102400,139,144.5,142.87,141.91,4775.05401553
1613106000,141.61,145.7,141.92,144,3236.13499533
1613109600,140.91,144.57,143.98,143.83,2073.65323685
1613113200,141.98,144.45,143.56,142.97,2011.24460868
1613116800,140,143.49,142.98,140.62,2449.88982988
1613120400,139.35,141.64,140.62,140.64,913.84225834
1613124000,140.63,143.38,140.8,140.89,1749.68453847
1613127600,140.21,142.01,140.89,140.75,1978.64835199
1613131200,137.37,140.78,140.78,138.7,4391.85375429
1613134800,137.49,140.47,138.7,139.49,4501.69248977
1613138400,133.14,139.69,139.69,135.1,8236.38103352
1613142000,135.09,142.87,135.15,141.5,6442.3857353
1613145600,139.5,145,141.58,139.64,5889.06387192
1613149200,139,141.29,139.84,140.13,6250.49364814
1613152800,140,143.21,140.23,142.21,4927.31744413
1613156400,140.77,143.3,142.03,143.05,2748.92832266
1613160000,142.57,146.59,143.26,146.54,4398.97710238
1613163600,143.67,146.89,146.57,143.84,3152.9140593
1613167200,143.69,146.67,143.71,144.62,2438.32393352
1613170800,142.93,145.46,144.63,143.02,2741.78054793
1613174400,143.03,148.58,143.04,148.28,8440.26320279
1613178000,147.3,150,148.33,148.68,9003.44402955
1613181600,146.25,148.87,148.68,147.55,3145.81433728
1613185200,146.76,148.46,147.55,147.69,3451.18068945
1613188800,147.79,154.69,147.79,151.45,12316.08246604
1613192400,148.9,153.11,151.45,151.68,4558.64514176
1613196000,149.41,154.4,151.82,152.11,2775.03236878
1613199600,147.63,152.64,152.11,147.63,4788.73168718
1613203200,146.49,154.17,147.62,154.09,5395.38957002
1613206800,154.04,164.94,154.09,161.72,12084.97696769
1613210400,151.2,161.74,161.72,151.2,9829.49172775
1613214000,146.56,155.47,151.2,153.6,8713.88850243
1613217600,150,158.64,153.39,157.73,5464.04691307
1613221200,154.12,158.49,157.67,156.53,4728.28674022
1613224800,153.55,158.7,156.17,158.7,4949.16232578
1613228400,155.97,163.27,158.71,162.76,8678.44469787
1613232000,163.03,175.5,163.03,174.11,26639.09550448
1613235600,170.58,214,174.43,194.17,75292.27931156
1613239200,172.2,201.8,195.99,175.44,45291.33325464
1613242800,172.6,177,175.47,174.1,16225.10331988
1613246400,170.7,177.67,174.36,177.38,20681.42215345
1613250000,171.12,177.82,177.46,173.84,13482.76541452
1613253600,172.2,176.45,173.96,175.62,6999.54700627
1613257200,174.55,179.72,175.62,176.49,10383.06768557
1613260800,172.92,180.2,176.53,176.69,11316.04807363
1613264400,175.18,180.59,176.47,177.65,9104.04293666
1613268000,176.2,179.8,177.85,177.23,5630.05090092
1613271600,168.71,178.17,177.16,170.1,8037.340412
1613275200,167.28,174.57,170.34,171.07,6761.02346322
1613278800,165.81,172.44,171.1,167.33,7656.54441231
1613282400,164.46,173.78,167.3,173.3,6714.4633177
1613286000,170.51,174,173.22,171.69,1980.49734311
1613289600,168.83,173.77,171.77,169.4,1918.36828119
1613293200,167.77,170.9,169.31,168.17,2530.62827254
1613296800,164.75,170.06,168.18,166.22,2028.71908096
1613300400,163.19,168.24,166.18,168.24,3285.37745077
1613304000,164.6,174.8,168,171.65,4462.11678923
1613307600,165.1,173.48,171.29,166.49,3999.95821512
1613311200,164.47,170.18,166.4,165.16,3963.36571624
1613314800,157.93,167.2,165.23,159.22,6967.62222993
1613318400,152.66,162.17,159.21,162,9402.5737283
1613322000,159.33,162.74,161.93,159.55,7073.04058177
1613325600,158.06,161.09,159.68,159.99,6406.82827859
1613329200,157.8,161.88,159.93,161.6,4046.96509598
1613332800,160.5,163.52,161.67,161.37,2854.97832774
1613336400,160.94,163.33,161.32,162.59,2860.87831427
1613340000,160.68,162.63,162.59,161.44,2497.02167184
1613343600,156.39,161.47,161.27,156.4,3074.13354075
1613347200,156.51,159.98,156.62,157.21,4755.37640317
1613350800,147.32,157.54,157.12,150,14704.82255665
1613354400,125,151.43,150,139.85,43187.99809039
1613358000,137.53,147.01,139.84,144.28,14321.13034089
1613361600,138.17,144,144,142.29,10942.50819006
1613365200,139.93,143.81,142.46,142.84,3639.99685751
1613368800,142.53,147.98,142.83,146.81,4346.22300864
1613372400,145.65,150.15,146.85,147.74,5072.37015023
1613376000,145.7,153.14,147.91,151.84,3944.59379001
1613379600,147.59,153.09,151.72,151.21,3537.35856504
1613383200,149.95,159.95,151.71,159.15,7116.20799181
1613386800,155.99,162.86,159.17,156.93,7109.7494526
1613390400,155.14,161.05,157.04,159.55,4194.33280621
1613394000,157,160.27,159.8,159.68,5406.12077758
1613397600,159.77,170,159.77,160.6,14510.89945064
1613401200,160.66,169.8,160.9,169.79,6034.56259725
1613404800,169.8,179.59,169.8,172.97,14957.05017695
1613408400,167.95,174.5,173.19,170.74,7008.73937699
1613412000,167.4,172.84,170.87,167.4,5211.75960099
1613415600,166.69,170.47,167.3,168.45,7201.79475421
1613419200,164.79,169.3,168.67,165.09,5004.65782363
1613422800,158.73,167.29,164.96,159.07,7033.52921261
1613426400,156.25,163.5,159.05,163.2,7421.27384312
1613430000,156.26,163.19,162.71,159.1,3315.87998208
1613433600,150.86,159.61,158.85,157.89,8933.38992874
1613437200,157.54,162.02,157.88,160.96,4177.04888581
1613440800,160.44,165.18,160.92,164.09,3310.36085966
1613444400,163.56,167.5,163.97,164.64,2905.39272118
1613448000,161.52,168.01,164.35,163.02,4724.33896369
1613451600,159.95,163.14,162.8,161.73,2627.9447889
1613455200,158.86,162.77,161.55,162.51,1862.64041557
1613458800,161.63,163.84,162.05,162.64,989.84994084
1613462400,161.95,165.6,162.94,164.82,1779.62892177
1613466000,163,164.8,164.8,163.87,780.51282369
1613469600,162.23,165.3,164,164.33,1358.14289929
1613473200,160,164.56,164.56,160.73,1351.04373147
1613476800,157.89,164.41,160.16,161.77,4021.95891982
1613480400,159.76,162.46,161.94,159.76,2549.4597781
1613484000,158.36,165.01,159.75,161.04,3421.16020911
1613487600,159.81,162.88,161.23,160.03,3335.11235784
1613491200,154,165.5,160.1,154.24,8026.38096973
1613494800,154.09,158.12,154.09,155.03,3660.12880087
1613498400,151.8,156.22,155.1,154.59,4303.66907547
1613502000,151.3,155.06,154.87,153.01,2256.1631125
1613505600,149.35,152.97,152.97,151.7,3558.83557786
1613509200,148.65,152.66,151.71,152.6,2931.60004489
1613512800,150.77,154.98,151.93,154.86,2265.6892959
1613516400,152.76,156.69,154.37,156.06,2801.52276637
1613520000,153.74,156.57,155.75,153.74,1750.65271592
1613523600,151.48,155.81,153.73,152.67,2048.97461526
1613527200,151.93,156.99,152.76,156.02,2631.8948881
1613530800,153.18,156.2,156.1,153.2,1489.06674318
1613534400,147.13,154.44,153.2,148.42,5046.04576443
1613538000,147.4,150.81,148.61,150.39,2030.53799737
1613541600,148.94,151.71,150.3,150.56,2871.60089017
1613545200,150.16,157.29,150.43,156.89,1635.40510072
1613548800,154.35,157.34,157.23,156.09,1393.20865449
1613552400,156.09,163.18,156.09,159.13,2072.32485805
1613556000,159.3,163.14,159.36,161.69,1422.69718317
1613559600,161.67,166.77,162.02,162.79,7153.51820896
1613563200,162.1,166.88,162.57,163.66,2996.2770538
1613566800,159.8,164.66,163.66,163.87,2258.05762796
1613570400,161.05,164.7,164.54,163.54,1889.20380178
1613574000,161.91,167.45,163.54,166.48,1602.50128148
1613577600,163.57,173.68,166.72,165.37,4727.95563083
1613581200,163.26,165.91,165.64,164.84,1208.88890396
1613584800,164.49,168.95,164.87,166.48,2177.89319092
1613588400,166.22,171.52,166.22,170.45,4635.57603403
1613592000,168.1,172,170.36,169.14,4610.64435788
1613595600,167.25,170.32,169,170.25,3521.06035281
1613599200,166.19,170.46,170.36,166.36,3550.09621628
1613602800,165.9,169.76,166.21,168.73,2159.09209141
1613606400,167.9,171.04,168.69,168.41,3415.59453729
1613610000,166.51,169.32,168.22,168.99,4552.9530659
1613613600,166.89,169.35,169.23,167.33,1586.75973639
1613617200,163.8,168,167.31,163.95,1501.50499666
1613620800,162.57,165.31,163.89,165.2,2268.55394361
1613624400,164.74,166.01,165.11,166.01,974.39089683
1613628000,162.4,165.91,165.83,162.82,952.44656271
1613631600,161.04,163.77,162.82,163.77,2160.2570738
1613635200,160.56,164.48,163.77,161.35,1483.61749448
1613638800,160.41,163.09,161.32,163,588.52746385
1613642400,161.21,163.5,162.69,162.08,662.37865812
1613646000,159.28,164.52,161.76,160.3,2865.82615932
1613649600,157.27,164.85,160.01,164.29,3246.13442725
1613653200,163.41,169.89,163.84,167.4,4221.33180591
1613656800,167.31,175.25,167.4,173.63,15443.91484105
1613660400,169.12,177.35,173.76,177.17,8836.59765897
1613664000,171.5,179.47,177.16,172.55,7399.65952654
1613667600,169.39,172.67,172.67,170.36,1616.31426756
1613671200,169.71,172.4,170.35,171.52,1972.55810967
1613674800,169.49,172.62,171.21,169.64,4515.25176184
1613678400,168.58,172.54,169.56,172.53,3898.45128295
1613682000,170.66,172.63,172.56,171.14,1994.88498215
1613685600,168.9,172.15,171.44,169.77,4608.9132403
1613689200,168.07,170.73,169.96,169.93,1572.64671376
1613692800,168.37,172.87,169.9,168.42,3840.50050859
1613696400,166.42,170.15,168.33,167.26,3329.77346323
1613700000,161.89,167.05,167,166.28,4523.41266357
1613703600,166.2,169.53,166.54,169.14,1102.23209467
1613707200,166.45,173.67,168.94,167.26,7457.83739262
1613710800,167.28,170.93,167.38,169.63,2528.32729919
1613714400,169.83,176,169.83,176,4548.56232922
1613718000,174.21,185.88,175.99,182.74,13906.99517523
1613721600,180.51,185.86,182.58,181.74,7364.78791891
1613725200,179.05,182.93,181.79,180.05,1615.34922001
1613728800,179.3,189.61,180.05,188.58,3680.00297628
1613732400,184.13,189.98,188.73,188.01,7209.1726567
1613736000,183.7,188.32,188.06,184.74,4299.33030815
1613739600,179.76,187.9,184.71,180.04,6173.25948575
1613743200,175.24,182,180,175.24,5049.51467716
1613746800,175.12,178.71,175.27,176.67,5681.07597867
1613750400,173.36,177.87,176.64,174.93,6741.46700518
1613754000,174.61,179.87,174.87,179.55,3097.21440761
1613757600,178.71,180.09,179.39,179.21,2791.4001584
1613761200,175.82,182.98,179.03,182.96,5885.73935675
1613764800,178.1,183.56,183,178.75,4711.96131275
1613768400,177.71,180.3,178.5,178.97,2474.24771679
1613772000,175.9,179.14,178.97,175.97,3423.27298633
1613775600,175.73,181.25,175.82,180.24,1975.63988213
1613779200,177.1,185.43,180.6,183.12,9724.5898105
1613782800,175.61,182.94,182.9,176.87,5475.08125617
1613786400,176.09,180.27,176.87,179.26,5628.51227034
1613790000,175.54,179.47,179.45,176.65,5854.34071989
1613793600,176.32,179.35,176.42,178.04,2066.94565124
1613797200,176.81,179.58,178.04,177.86,2015.98911091
1613800800,177.8,181.64,177.87,181.22,1496.74918476
1613804400,174.39,181.01,181,174.39,2672.31142676
1613808000,173.71,176.7,174.83,173.92,2052.3611119
1613811600,172.79,176.24,173.9,174.79,2007.31856989
1613815200,174.79,178.72,174.92,178.27,11145.60512238
1613818800,176.4,179,178.42,178.25,2333.35851109
1613822400,177.57,180.85,178.25,179.8,4953.09717566
1613826000,178.15,180.33,179.62,178.37,2443.96681721
1613829600,170.68,180.15,178.5,171.25,5222.74630868
1613833200,166.63,173.78,171.25,170.54,11812.59964638
1613836800,169.13,172.68,170.6,171.73,5554.33719186
1613840400,170.38,172.96,171.73,171.23,5430.9469298
1613844000,170.01,171.9,171.26,171.09,3205.83709411
1613847600,169.21,172,170.8,171.75,4198.91447984
1613851200,168.39,171.73,171.56,169.4,3267.39672749
1613854800,164.28,169.49,169.25,167.91,5255.52711081
1613858400,155.81,168.06,168.06,162.86,14628.71050001
1613862000,161.05,165.8,162.79,164.35,4451.27998661
1613865600,160.51,165.79,164.29,164.77,4609.03682141
1613869200,162.71,166.42,164.64,166.41,4062.33812603
1613872800,165.48,168,166.33,166.95,4261.24118055
1613876400,164.05,167.9,167.08,164.34,1565.13167772
1613880000,162.12,165.65,164.64,165.44,2812.23838895
1613883600,163.53,165.99,165.39,164.86,2388.82987041
1613887200,162.04,165.21,164.85,163.49,1736.53622185
1613890800,161.35,164.68,163.98,161.68,1169.74439873
1613894400,160.99,165.86,161.8,165.38,1892.3356091
1613898000,164.96,167.85,165.36,167.49,2874.53814036
1613901600,165.95,167.83,167.4,167.13,622.89717499
1613905200,165.4,167.78,166.96,165.8,904.6785068
1613908800,162.5,166.12,166,164.26,1795.45843128
1613912400,163.45,165.98,164.33,164.49,794.58447748
1613916000,162.95,165.79,164.66,165.03,1728.48834047
1613919600,163.11,166,165.13,164.25,2891.56643953
1613923200,161,164.99,164.37,161.86,5067.69338578
1613926800,160.27,162.08,161.77,160.83,2125.62172709
1613930400,160.75,161.65,161.05,161.25,2344.84540419
1613934000,161.25,164.78,161.25,162.95,2565.51307116
1613937600,159.25,163.07,163.07,160.06,3137.54715621
1613941200,158.58,160.94,160.42,159.1,3634.51258567
1613944800,158.73,161.04,159.08,161.04,2113.19709813
1613948400,160.05,162.71,160.91,162.03,1852.77094682
1613952000,156.9,162.99,162.03,156.9,3690.35567306
1613955600,155.32,159.12,156.9,157.14,3515.26739586
1613959200,155.3,158.43,157,156.09,4499.79040776
1613962800,152.5,157.22,156.08,152.69,5741.06057672
1613966400,150,155.67,152.61,153.66,6556.49665589
1613970000,153.07,156.98,153.38,153.07,4463.46107071
1613973600,152.13,157.26,153.06,155.88,1515.88129039
1613977200,153.31,157.45,155.88,157.26,1254.2519466
1613980800,153.64,157.4,157.3,153.71,665.55307853
1613984400,151.78,155.6,153.84,152.88,1379.64418814
1613988000,149,154.38,152.82,151.63,3842.60896353
1613991600,149.9,153.5,151.47,149.96,1983.69298154
1613995200,135.03,151.53,150.07,145.12,10391.91089575
1613998800,137.77,145.48,145.14,137.8,4486.24394714
1614002400,120,145.35,137.89,143.92,27558.43734975
1614006000,136.82,145.34,144.15,141.43,7978.31401198
1614009600,139.94,146.48,141.87,142.6,3326.49432539
1614013200,136.23,142.86,142.6,137.14,3425.2262434
1614016800,135.03,140.61,137.04,138.9,4566.13174649
1614020400,138.03,142.25,138.76,141.36,2445.5391044
1614024000,141.11,145.03,141.22,143.85,4877.48840604
1614027600,143.65,147.99,143.71,147.75,3968.10690191
1614031200,142.62,148.33,147.75,144.93,2644.1126275
1614034800,141.23,146.18,145,144.49,1517.1875037
1614038400,139.57,145.21,144.34,139.84,1780.07747362
1614042000,139.54,144.24,140.39,140.19,1945.90242721
1614045600,132.79,141.3,140.39,133.87,3955.8522608
1614049200,132.74,138.41,133.93,135.02,4576.37039936
1614052800,128.6,137.85,135.17,133.13,5120.27278388
1614056400,121.88,133.26,132.95,128.17,12817.13182873
1614060000,124.1,130.87,128.16,124.31,4885.05655726
1614063600,123.63,128.85,124.16,126.19,4708.3151372
1614067200,113.77,127.39,126.23,114.76,17232.5859475
1614070800,103.78,122.44,114.12,119.86,21420.65528169
1614074400,113.07,123.06,119.93,118.76,7981.71196192
1614078000,108.05,121.8,118.44,117.26,20471.17641456
1614081600,112.72,124.3,116.55,121.53,10910.99327108
1614085200,120.59,125.92,121.35,123.99,6057.13809606
1614088800,114.67,125.45,124.05,118.22,7714.79409332
1614092400,117.55,125.49,118.43,123.38,10404.10466632
1614096000,121.26,127.71,123.42,122.04,5400.74083352
1614099600,120.45,124.33,121.72,120.54,2520.76688254
1614103200,118.71,122.4,120.42,119.66,3034.61783577
1614106800,115.82,121.03,119.55,115.95,4795.68570924
1614110400,115.28,121.4,116.82,121.12,6415.35235503
1614114000,120,123.73,121.41,123.22,5814.34311459
1614117600,122.21,125,123.37,124.58,1525.67346093
1614121200,123.82,127.32,124.56,127.27,2530.77929913
1614124800,122.23,130.29,127.33,129.42,6730.36689275
1614128400,127.74,131.94,129.71,131.94,5330.11062893
1614132000,129,132.35,131.9,130.64,3719.83069053
1614135600,129.53,131.95,130.77,131.42,1945.97820807
1614139200,127.18,132.22,131.52,128.72,2714.73566161
1614142800,126.23,129.94,128.92,127.8,1519.16970867
1614146400,124.57,129.19,128.31,126.66,2051.1878012
1614150000,124.83,127.9,126.66,127.58,677.63138656
1614153600,126.72,131.21,127.53,130.41,2236.30376671
1614157200,129.57,132.65,130.36,130.82,3954.71027203
1614160800,128.17,131.72,131.02,128.18,4736.43205413
1614164400,128.53,131.3,128.53,130.69,3591.54385479
1614168000,130.44,133,130.65,131.45,2697.31906855
1614171600,126.52,131.87,131.45,128.07,2229.15841159
1614175200,125.42,128.93,128.14,127.62,2324.1533216
1614178800,124,131.24,127.58,131.24,1865.0278181
1614182400,131.11,136.13,131.25,133.92,7964.90517886
1614186000,132.38,135.02,133.83,133.91,2402.16768773
1614189600,132.22,134.35,133.92,132.75,1778.89810462
1614193200,128.53,132.92,132.81,128.6,2255.4635574
1614196800,127.13,130.17,128.55,129.18,2339.00757112
1614200400,125.25,129.34,129.29,127.4,1409.23939726
1614204000,125.01,128.6,127.43,128.18,1467.16330598
1614207600,128.28,133.39,128.29,131.16,2950.20404394
1614211200,131.02,137,131.03,135.5,4013.77898616
1614214800,132.38,136.06,135.5,132.52,1148.15624104
1614218400,132.07,133.68,132.52,132.86,1363.45336178
1614222000,130.28,132.86,132.86,131.74,1915.85055986
1614225600,129.53,132.24,131.65,129.99,4220.64596571
1614229200,130.07,136.54,130.21,135.4,3008.93948324
1614232800,133.27,135.68,135.35,133.77,1861.5982766
1614236400,132.98,136,133.77,135.02,1582.54636369
1614240000,132.36,135.73,135.08,132.85,2059.94360128
1614243600,131.1,134.1,133.21,132.15,2119.20742965
1614247200,132.37,135.62,132.41,135.15,1625.95116599
1614250800,134.04,136.33,135.16,134.65,2232.9277186
1614254400,132.77,136.72,134.53,136.72,5830.00222683
1614258000,135,137.88,136.72,137.09,5895.99246175
1614261600,135.14,137.47,137.04,135.77,2085.14929049
1614265200,135.68,138.38,135.68,137.95,2135.65420949
1614268800,135.89,139.6,137.99,136.2,2412.61392229
1614272400,132.88,136.3,136.18,133.32,4010.32836797
1614276000,132.37,134.87,133.22,132.93,2066.47861887
1614279600,131.65,134.69,132.71,133.74,1129.05984958
1614283200,131.02,133.78,133.74,132.25,2298.28838277
1614286800,127.21,132.66,132.34,127.25,5792.42229653
1614290400,126.18,129.55,127.12,127.34,8644.99144335
1614294000,120.11,129.2,126.97,120.99,7405.00907145
1614297600,116.4,123.71,121.03,118.94,9295.3632638
1614301200,117.77,121.7,118.89,118.25,4500.06607515
1614304800,117.4,121.31,117.78,119.62,2900.82825955
1614308400,119.47,121.32,119.69,121.15,3082.81805887
1614312000,120.47,122.66,121.01,120.64,695.28890512
1614315600,115.4,121.05,120.84,115.4,3503.5301209
1614319200,115.59,118.66,115.59,117.83,1450.33446158
1614322800,113.58,118.28,117.82,115.19,2290.28583511
1614326400,115.2,118.77,115.2,118.08,1969.50496383
1614330000,116.42,120.2,117.9,119.97,998.19670319
1614333600,119.25,121.43,119.84,121.1,1253.28323118
1614337200,117.72,121.54,121.2,119.62,714.9209774
1614340800,119.62,121.88,119.63,120.77,821.08627794
1614344400,118.38,121.25,121.01,118.46,1317.26685113
1614348000,118.66,122.66,118.71,121.32,1124.55865061
1614351600,120.01,122.8,121.29,121.65,1472.53856426
1614355200,120.1,124.86,121.65,124.14,6605.4332584
1614358800,122.59,125.12,124.16,122.61,1831.84362325
1614362400,122,124.21,122.9,122.11,1875.58911773
1614366000,120.02,122.57,122.37,120.83,2858.25971743
1614369600,117,121.05,120.88,117.43,1315.88086106
1614373200,114.95,118.31,117.27,115.65,1763.88590313
1614376800,114.3,122.28,115.65,115.8,5490.17457685
1614380400,115.49,118.43,115.88,118.42,2326.03193782
1614384000,118.06,123.2,118.43,123.01,3115.38237236
1614387600,121.15,123.2,123.14,122.47,2917.94182426
1614391200,121.29,123.1,122.67,121.9,1656.22317812
1614394800,120.95,123.68,121.89,122.95,1075.14780191
1614398400,121.16,123.33,123.11,122.81,771.53805078
1614402000,121.66,123.46,122.88,122.5,1005.81571099
1614405600,121.84,124.97,122.5,123.91,1264.48882331
1614409200,121.62,124.4,123.9,122.95,1066.32505622
1614412800,120.27,123.05,122.88,120.63,801.36551709
1614416400,119.28,120.99,120.51,120.8,1920.89695437
1614420000,120.98,124.81,120.98,123.87,564.36047092
1614423600,122.91,124.21,124.2,124.03,592.05811731
1614427200,122.25,124.45,123.95,124.42,2026.42897432
1614430800,123.83,125.09,124.24,123.88,1569.62698621
1614434400,121.58,124.34,124.05,122.58,528.437799
1614438000,119.98,123.43,122.61,121.43,2115.52032579
1614441600,120.6,122.21,121.28,121.6,1842.10152672
1614445200,121.68,123.12,121.68,122.86,552.60520439
1614448800,122.76,123.36,123.13,122.97,719.05548895
1614452400,122.97,124.28,122.97,124.28,2219.9309421
1614456000,123.08,124.53,124.29,123.14,1203.59661539
1614459600,121.16,123.69,123.07,122.19,1761.18578685
1614463200,119.53,122.16,122.16,119.59,1094.48874586
1614466800,117.69,120.73,119.46,119.87,2095.25922006
1614470400,118.44,120.35,119.78,119.15,417.03529719
1614474000,118.75,120.3,118.97,119.16,1404.00110356
1614477600,116.32,119.25,118.97,116.64,3997.65774976
1614481200,114,117.47,116.71,114.13,5121.47463946
1614484800,113.07,115.51,114.05,113.16,1843.58812792
1614488400,112.27,115.71,113.2,113.32,1906.84106508
1614492000,111.33,114.37,113.26,111.89,2000.00010561
1614495600,111.36,113.51,111.88,112.75,1124.27865144
1614499200,112.91,115.36,112.91,114.13,913.40995202
1614502800,113.73,115.68,114.08,115,1250.81292195
1614506400,113.97,115.91,115.05,115.33,937.03293121
1614510000,114.97,116.79,115.35,115.64,1132.68024005
1614513600,113.81,116.45,115.76,114.4,868.35752
1614517200,112.54,115.02,114.51,112.55,1055.66264211
1614520800,110.64,114.05,112.58,114.05,2873.5020332
1614524400,107.82,114.01,114.01,108.38,3701.82413596
1614528000,105.47,108.72,108.36,106.59,5919.07257247
1614531600,104.73,107.45,106.44,104.73,4523.79008171
1614535200,104.57,107.63,104.73,107.1,2600.37251507
1614538800,106.7,110.15,107.1,110.15,5259.98489351
1614542400,108.96,110.96,110.15,110.22,2768.06021583
1614546000,110.17,112.44,110.2,112.1,2163.98751064
1614549600,110,112.32,112.05,111.65,2198.59623051
1614553200,110.88,113.73,111.65,111.61,2043.05237032
1614556800,110.55,114.42,111.62,114.27,2553.25385292
1614560400,112.3,114.3,114.3,113.78,2127.74222963
1614564000,113.62,115.6,113.79,114.16,2606.16897356
1614567600,113.02,114.57,114.09,113.48,1623.73140373
1614571200,111.96,113.72,113.57,113,1974.42102799
1614574800,111.62,113.42,113.09,111.83,881.00508878
1614578400,110.29,112.48,111.88,110.57,1253.96909771
1614582000,110.53,112.18,110.74,111.76,847.97907174
